username,pet_breed,age,size,gender,latitude,longitude
1446,Labrador Retriever,11,large,Male,27.44513495601103,34.29404064367777
15685,Australian Shepherd,9,medium,Female,27.905762581264796,27.564586142883726
18737,Labrador Retriever,6,large,Male,30.49399910767837,29.32977940100198
2172,Boxer,9,medium,Male,29.55769481033433,32.486455316018755
7410,German Shepherd,14,large,Male,28.29929859722036,33.4509153747798
12358,Dachshund,5,small,Female,30.328977414049557,32.42226430587483
13515,French Bulldog,15,small,Female,27.982169526968384,26.33625107424435
6318,Yorkshire Terrier,1,small,Female,28.033295348039875,35.42418175894989
16946,Dachshund,12,small,Male,28.97719146283469,34.70032715553902
6258,Great Dane,9,large,Male,24.240793746581687,25.401978363551034
9303,Boxer,6,medium,Male,24.30809772009559,31.441719069313024
1009,Labrador Retriever,10,large,Female,29.88531789251157,35.46452852400277
23532,Pomeranian,4,small,Male,29.02386534410914,31.98950603328143
5276,Siberian Husky,15,medium,Female,26.579417933781254,28.454670349972886
9605,Australian Shepherd,10,medium,Female,24.287005955717085,32.836305656953044
2820,French Griffon,2,small,Female,23.99442935447004,29.994354456095103
11652,Rottweiler,5,large,Male,26.63701802427913,32.10350580433049
9228,Dachshund,8,small,Male,22.243048648601253,26.481258686379977
9841,Rottweiler,5,large,Female,24.949809822879065,30.87526411420775
6579,Golden Retriever,2,large,Female,28.025943255129924,25.180512743298696
12922,Poodle,2,small,Female,25.235612363982593,28.408465214406178
3178,Beagle,1,small,Male,27.4111087516018,31.858751069275364
18732,French Bulldog,7,small,Male,28.954552504665852,27.623788893719997
6168,Great Dane,2,large,Male,24.20744230284861,34.84434901856828
9456,Dachshund,2,small,Male,26.245257078594125,30.389099548190558
16340,French Bulldog,7,small,Female,26.29238568108014,33.43199428202021
19341,Bulldog,13,medium,Male,27.98862435767986,35.30889718660112
11630,Labrador Retriever,14,large,Female,29.744376999007688,32.86326686786707
23079,Maltese,6,small,Female,29.851353050250722,27.544522958961423
1363,Doberman Pinscher,8,large,Male,30.90062781240553,25.062146410823136
9534,Australian Shepherd,13,medium,Male,29.201249096437195,34.28423328843692
12928,Labrador Retriever,5,large,Male,28.880993256367958,25.202843016601395
16996,Siberian Husky,4,medium,Male,27.998102223327102,34.527927191483634
1247,French Bulldog,9,small,Male,23.629534160258874,32.281554253115154
10345,Doberman Pinscher,5,large,Male,28.61485625210257,31.578440806579327
23546,Dachshund,3,small,Female,30.334576046995814,29.919583081966106
15622,Labrador Retriever,7,large,Male,22.16157180434962,31.804362300472533
24501,Labrador Retriever,5,large,Female,23.689803620701813,26.877540866784297
7784,Australian Shepherd,14,medium,Female,23.066508566856097,34.6364453326984
4445,Great Dane,14,large,Female,29.950133800743465,28.639889074110112
21533,Border Collie,5,medium,Female,22.67041683820373,26.57593634041465
21985,Rottweiler,8,large,Female,27.71432660648607,30.929861785147494
10885,Rottweiler,4,large,Female,23.40966681429817,31.99454145835752
12692,Border Collie,8,medium,Male,23.481170423593053,30.931589409305293
15045,German Shepherd,4,large,Male,23.157192581218176,27.080702693533755
18032,Great Dane,14,large,Male,24.188391495208894,25.3611051979894
8913,Rottweiler,8,large,Male,23.22460048015547,32.72972762789646
23502,Chihuahua,11,small,Female,28.77136150637144,35.92946134536667
2873,Labrador Retriever,12,large,Female,23.947293398867995,25.378564103770064
14978,Great Dane,13,large,Female,30.749167655035762,30.927029744550776
5206,Border Collie,10,medium,Male,27.670991968056306,32.74396987055181
7163,Shih Tzu,15,small,Male,23.014965763412103,31.43317379278289
20997,Bulldog,7,medium,Male,25.008726135484142,27.328674850125886
5557,Golden Retriever,9,large,Male,22.416853177810694,28.759089099297896
20029,Pomeranian,9,small,Female,26.060027736483697,32.33090249884579
5122,Australian Shepherd,3,medium,Male,28.179771301665642,28.78187082079384
24565,Dachshund,3,small,Female,28.264828511476388,27.46384462312489
5615,Shih Tzu,11,small,Male,27.44945330951481,25.750431977547837
14023,Great Dane,10,large,Male,25.64267355557028,29.948539935332555
21745,Dachshund,3,small,Male,22.111642484531092,33.56814182007557
1143,Chihuahua,3,small,Female,25.087225954926577,31.81021321589725
21293,Maltese,2,small,Male,24.22574516917674,32.79750544156366
17388,Chihuahua,9,small,Female,27.742515306376877,35.78311983080706
14311,Shih Tzu,4,small,Female,22.13858675158126,33.69703454061093
12430,French Bulldog,5,small,Female,25.067247133061038,29.102089234734592
19063,German Shepherd,7,large,Male,28.41633236839929,30.144758079912993
11446,Border Collie,8,medium,Male,22.51728368644831,28.099476564073804
14452,German Shepherd,14,large,Female,22.793811538030425,26.68920663709219
11012,Labrador Retriever,3,large,Male,24.43908983129678,25.657169914993066
3517,Rottweiler,1,large,Female,30.169567928806774,31.711955292345554
16294,Beagle,1,small,Female,23.48121820964076,29.605841967589566
13360,Siberian Husky,7,medium,Male,22.443626047398133,33.43911134109682
15860,Boxer,9,medium,Female,23.50641908053212,33.109078758129314
19671,Boxer,3,medium,Male,28.930439122485684,30.144348223661233
4196,Shih Tzu,5,small,Male,28.08952550775529,31.32211686816934
7307,Rottweiler,11,large,Male,24.803317554519385,33.898799639980844
14893,French Griffon,4,small,Male,24.32418617307429,30.20879921564734
23402,Border Collie,2,medium,Female,27.486333690784964,27.766607365198258
22795,Bulldog,12,medium,Male,27.864925678445616,26.953320729844176
11115,German Shepherd,2,large,Female,30.382149695618978,33.29932140954065
5113,Shih Tzu,9,small,Female,30.689427083405842,28.27533449076129
22294,German Shepherd,12,large,Male,30.882140651508195,34.52619559203262
5250,Pomeranian,5,small,Female,26.14799329021468,31.19989002063394
4582,Bulldog,13,medium,Female,25.543387203908196,31.323173638094627
21302,Bulldog,6,medium,Male,23.235353059081152,27.676321606231554
5775,Pomeranian,13,small,Female,28.965076916993766,35.916935997928626
19534,Dachshund,13,small,Female,24.630112847676834,35.74209252478161
8609,Labrador Retriever,7,large,Female,26.757584399939255,26.6579126617081
10792,Australian Shepherd,3,medium,Male,28.0232384752166,35.05727402803848
5307,Chihuahua,10,small,Male,24.569872803963722,30.655591637313222
14174,Pomeranian,4,small,Female,28.90202228593087,28.789440297132188
8461,Chihuahua,13,small,Male,30.06205025095725,28.231086130435365
9885,Beagle,6,small,Female,29.27049958747209,25.48403033122646
11613,Maltese,13,small,Male,27.486796392518,33.44014306477806
12635,Border Collie,4,medium,Male,28.79508436740875,25.67636874600813
4599,Labrador Retriever,5,large,Female,29.650018915954327,32.25455480914391
14343,Labrador Retriever,9,large,Female,30.585661550459776,34.79639593238153
18710,Labrador Retriever,5,large,Female,26.92601973397603,29.98543379495394
18004,Boxer,3,medium,Male,28.820831650371865,25.541444362536552
5746,Boxer,2,medium,Female,22.709289499838782,25.243448728286396
12883,Great Dane,6,large,Female,29.82914478721057,31.034080858185433
3409,Chihuahua,5,small,Male,26.905128759689703,25.41345506265118
11808,Yorkshire Terrier,15,small,Female,27.807171053027737,29.849819327373304
11739,Doberman Pinscher,8,large,Female,26.40388846548597,25.846253414918728
15128,Great Dane,7,large,Female,22.058548726319103,33.72800627103899
7430,Dachshund,4,small,Male,22.543251119454705,25.069365868409555
12437,Border Collie,8,medium,Female,25.32314181022504,33.353649116661146
22071,Chihuahua,10,small,Male,25.676147124422574,29.713167168293147
24159,German Shepherd,6,large,Male,28.91448086182046,27.39185443921306
19179,Maltese,10,small,Female,29.870772780726057,31.519230687335273
3261,Labrador Retriever,13,large,Female,25.9050703652027,34.70841025828433
17455,German Shepherd,2,large,Male,27.998837277753452,35.80412896549834
19145,French Bulldog,15,small,Male,26.913119141769577,31.490869557675033
10432,Beagle,12,small,Female,28.888166315365297,33.118678525603
18106,French Griffon,6,small,Male,27.8818447373931,26.640104789211584
16473,Yorkshire Terrier,5,small,Female,26.40697093966974,33.85399751849074
3599,French Bulldog,7,small,Male,29.621890754430353,27.064174257839547
12861,Maltese,12,small,Male,22.179310847583924,32.22668260418559
4714,Doberman Pinscher,10,large,Female,23.600208776066324,34.560353962596096
13714,Labrador Retriever,5,large,Female,23.927517035038733,35.39040271813888
5198,Siberian Husky,8,medium,Female,28.540351348495584,34.33879812559495
3891,Beagle,3,small,Male,30.28797334180183,35.81260905442382
9593,Boxer,1,medium,Female,27.390140563189856,25.754904615626085
10428,Beagle,10,small,Female,29.833042646679814,30.568653562243682
15239,Doberman Pinscher,15,large,Female,23.744077657224572,31.30277889911252
19148,Labrador Retriever,10,large,Male,26.530490211925983,31.05343675739997
1493,Pomeranian,14,small,Male,30.11769995048963,28.92412147150605
24854,German Shepherd,3,large,Female,24.416545190713414,32.80933658014638
10152,Yorkshire Terrier,13,small,Female,23.682027393658387,26.45243066203222
2881,Rottweiler,6,large,Female,30.114888989817608,29.60939518079063
3659,Doberman Pinscher,11,large,Male,28.12085839441385,27.88030978595713
4437,Yorkshire Terrier,5,small,Male,29.163789011853307,26.910425663400652
9192,Poodle,6,small,Male,30.790686572060714,35.767273883106405
6542,French Griffon,6,small,Female,30.117831184409226,30.34296365546913
18820,Boxer,3,medium,Male,24.887043348885804,31.822251021286366
5176,Beagle,12,small,Male,25.682429310243116,27.5247667630452
20398,Labrador Retriever,11,large,Male,26.09818569090885,25.882571510853946
21340,Great Dane,9,large,Female,25.886838141061585,30.013637993316326
2912,Beagle,8,small,Female,26.151797709193644,31.42575385165792
3652,Chihuahua,1,small,Female,29.717500815513887,31.368122698875773
20233,Maltese,3,small,Female,25.843079762016597,31.8565364808126
21574,French Bulldog,15,small,Male,23.94861759410931,35.19611899243897
7002,Border Collie,5,medium,Female,24.90170228325106,29.117487119196976
13978,Shih Tzu,1,small,Female,26.004435347328386,30.18799599324884
14368,Border Collie,13,medium,Male,27.7010737800898,25.042092488055165
15147,Poodle,6,small,Male,22.824535668466226,25.248878225377158
20622,Maltese,8,small,Female,22.124883740093978,28.268025981997788
9919,Shih Tzu,13,small,Male,25.183718778229558,30.361795290978936
9632,Australian Shepherd,6,medium,Female,29.30948735191192,34.5753546971909
7079,Bulldog,8,medium,Female,28.871030286702705,34.378310081489
2226,Maltese,10,small,Female,30.160691657258536,27.417291658252125
5737,Border Collie,12,medium,Male,30.565788116364487,34.057597591583814
21491,Pomeranian,6,small,Male,29.029189378280442,27.9855881337254
3181,Border Collie,3,medium,Male,25.807463874641822,34.4624975360434
10947,Great Dane,4,large,Female,23.568819452369386,33.056197300882445
9113,Boxer,14,medium,Female,30.41787838383873,35.60501777756022
1915,Labrador Retriever,9,large,Female,22.0972882342583,26.192476597155647
7036,French Bulldog,4,small,Female,29.282607162990125,32.74860218734004
16761,Australian Shepherd,13,medium,Male,27.644157204829924,28.69019167501999
15174,Poodle,14,small,Male,22.06135049433019,26.090662430890617
1691,Great Dane,5,large,Male,26.925225017430467,28.067080438639433
2159,Bulldog,15,medium,Male,30.676788185091745,28.448531381319466
11355,Golden Retriever,15,large,Female,25.10299120503719,32.176702593826874
1797,Dachshund,11,small,Male,25.95188341510414,34.14110038119782
18441,German Shepherd,14,large,Male,24.709196071070174,26.25752539142355
4713,Beagle,14,small,Female,30.052616358159916,26.479880445593654
22391,Australian Shepherd,6,medium,Female,27.35873823933695,35.6293471960867
15724,Golden Retriever,10,large,Female,25.88786700599577,34.692132042790234
9704,Shih Tzu,11,small,Male,22.181027521254503,33.742056173691424
18070,German Shepherd,12,large,Male,27.92870485676186,34.85869795126138
20333,French Bulldog,13,small,Male,26.294459653538688,29.871032115343546
6062,Chihuahua,5,small,Female,30.05585412654825,33.51023056596993
23229,Great Dane,9,large,Male,23.9715121087533,32.75268501217366
1477,Chihuahua,8,small,Male,24.536276216896788,33.637634072446666
17413,German Shepherd,10,large,Female,25.6502009377924,27.07156051218913
11021,Labrador Retriever,2,large,Female,24.45234451684876,25.314751300976962
23892,Dachshund,6,small,Female,23.072230553671645,30.674875418352215
23172,Siberian Husky,11,medium,Male,22.35655381168401,29.70349093207804
13276,Siberian Husky,6,medium,Female,25.780437975279842,30.568993158740177
11148,Labrador Retriever,13,large,Female,25.084557656904106,29.621269620021025
10656,German Shepherd,4,large,Male,29.58066460072475,27.952540353489308
21441,Great Dane,2,large,Female,23.83814364918654,34.14811256005508
22534,Pomeranian,15,small,Male,23.18646596455703,27.1135918524836
19752,Rottweiler,4,large,Female,22.27816207467459,29.171908310225618
21450,Pomeranian,6,small,Female,24.24989007914575,25.688326926550737
7541,Boxer,4,medium,Female,26.809356415068542,35.85545605012882
22470,Boxer,5,medium,Female,24.247394816748418,28.272960174932056
17144,Siberian Husky,3,medium,Male,23.718336799168934,26.930731956523136
11683,Bulldog,8,medium,Male,26.056410988431985,29.44908193685327
4093,Australian Shepherd,2,medium,Male,23.267544458276433,26.10205303543854
19668,French Griffon,5,small,Female,22.576781360649097,33.46830224096746
17700,Shih Tzu,14,small,Male,23.86713930082199,26.078530383496375
9876,Maltese,10,small,Female,28.785866932381104,25.92236801337671
7927,Rottweiler,10,large,Female,23.304653178839292,25.06283808773763
6516,French Bulldog,9,small,Female,27.583367288437675,33.86744818317945
7290,Golden Retriever,7,large,Male,30.757482019204268,28.367253507034334
6867,Great Dane,12,large,Female,22.225796692943803,26.991512715123612
1337,German Shepherd,1,large,Male,29.50527767128668,29.500985955356704
19827,Chihuahua,8,small,Female,22.827417509579423,31.086327013313173
19717,Beagle,11,small,Female,23.677286421952786,34.162590151593406
10736,Yorkshire Terrier,14,small,Female,29.95755604353598,25.247051513999722
18892,Beagle,3,small,Male,27.620041002311023,25.325461015633643
16582,Rottweiler,9,large,Female,22.114352997064653,27.48176658246006
12270,Doberman Pinscher,11,large,Male,28.785659343012085,30.64026085460795
13610,Siberian Husky,2,medium,Male,24.697044882466543,34.54064541664541
11938,Rottweiler,15,large,Male,25.66800205879647,29.139918593902017
13949,Yorkshire Terrier,13,small,Female,29.5243302885387,35.37124378716676
14669,German Shepherd,7,large,Female,23.39081395618864,30.44368922060469
11402,Boxer,4,medium,Female,26.402445026125505,34.96287850567968
4496,Yorkshire Terrier,7,small,Male,25.2369057219081,32.71771336260814
24051,Doberman Pinscher,13,large,Female,24.314618362588668,33.775954048892395
18484,Border Collie,12,medium,Female,23.648430619223035,27.863525234290357
19498,Border Collie,5,medium,Female,24.06085474315851,32.38460750901943
22348,Labrador Retriever,9,large,Male,25.32813617570751,30.42208562934499
2118,Maltese,13,small,Male,23.333458107384406,31.893133371462866
9560,Rottweiler,6,large,Female,30.348941937618704,34.62055793284989
23781,Australian Shepherd,3,medium,Male,24.77228804772404,28.72968089292061
4523,Boxer,2,medium,Female,26.45394519402447,27.734753430731235
11469,Poodle,9,small,Female,24.067133340961483,35.06097087920371
1891,Beagle,15,small,Female,22.18254717405827,28.27075049260392
3793,Dachshund,7,small,Male,26.822456269388653,28.78507057739577
11197,French Griffon,5,small,Male,25.20048328056079,35.33094359891614
8539,Australian Shepherd,10,medium,Male,26.62894157533804,29.858072454813804
16743,Border Collie,13,medium,Female,23.90029850864275,30.95383532081363
13355,Shih Tzu,9,small,Male,29.743691148560718,29.632440054534122
20879,Great Dane,8,large,Male,22.629282522609817,34.69220562077574
11975,Australian Shepherd,11,medium,Male,27.68209394395581,26.203592569007014
6559,Poodle,10,small,Male,26.324562767684476,29.991464088597134
7710,Australian Shepherd,5,medium,Male,27.38106411478895,30.275835550544336
13951,Great Dane,7,large,Female,27.07408462516507,27.04606177704043
10298,Shih Tzu,8,small,Female,22.514457100305332,25.18461176138819
14186,Boxer,1,medium,Female,29.426257063597006,29.11722999647799
24813,Labrador Retriever,3,large,Male,29.576643421350177,31.53754190677536
20145,Australian Shepherd,13,medium,Female,29.9010884749891,31.79592394287625
8986,Labrador Retriever,9,large,Female,22.75347064802443,33.638402025244865
15800,French Bulldog,14,small,Female,27.05336788984534,27.641175976770015
24039,Golden Retriever,10,large,Female,25.488898529162434,33.88896126990554
14266,Siberian Husky,6,medium,Female,24.346585147351504,26.755878561505007
4836,Pomeranian,8,small,Male,28.764609708002777,31.16124021994486
14371,Bulldog,1,medium,Female,28.341880859317303,31.550550969224005
19804,Dachshund,11,small,Female,23.730398420844715,29.177495090017693
8700,Maltese,12,small,Male,29.531683854303864,33.359280423301115
6764,Border Collie,2,medium,Male,27.03330392596296,34.96884949837886
15091,Australian Shepherd,9,medium,Male,24.150959320195472,35.68096496082887
7655,Australian Shepherd,6,medium,Male,30.865479462255976,30.83998750542102
2073,Australian Shepherd,11,medium,Female,30.08044785122853,35.37491121992946
13675,German Shepherd,8,large,Male,28.9803841839792,28.426238807094244
10118,Beagle,4,small,Male,23.2135554668923,31.89981954523619
21508,Shih Tzu,12,small,Female,22.409589406893,29.093593537764832
14876,Border Collie,1,medium,Male,29.418246654830806,25.609634358875137
20655,Shih Tzu,5,small,Female,23.240213802948922,31.639497398420538
4764,Yorkshire Terrier,11,small,Male,28.27560744614908,30.487756103693684
18257,Chihuahua,10,small,Female,22.143521637781294,32.35378706853002
9011,Dachshund,13,small,Male,25.325318941873967,34.51927827469777
9902,Boxer,4,medium,Male,29.51032480773258,25.822772151684884
18089,Yorkshire Terrier,6,small,Male,30.3291510548919,31.729770265200138
16856,Great Dane,6,large,Male,29.139619414864605,27.566193222925328
12177,Maltese,8,small,Male,30.66109417714722,31.002765540411325
9848,Labrador Retriever,15,large,Male,27.47497411203262,32.2001241682035
17072,Poodle,3,small,Female,26.09603796574459,34.71080299183471
11411,Dachshund,9,small,Female,29.722792220741773,31.809433703642746
15503,Shih Tzu,1,small,Female,30.810193160125728,25.100051932605005
14312,Pomeranian,9,small,Female,25.85573276959778,35.398473192098194
4897,Bulldog,1,medium,Male,27.84817044342031,28.227785351649274
18545,Siberian Husky,7,medium,Male,29.96371009251343,30.514784133074052
3475,Beagle,4,small,Male,28.11142984012625,29.662837663627872
8077,Bulldog,15,medium,Male,29.083454523847877,33.342322457164606
19170,Poodle,11,small,Male,28.599750868766698,25.85100071378956
17543,Golden Retriever,7,large,Male,25.967497542121464,35.764083772748506
20543,Border Collie,1,medium,Male,23.313941705843867,32.5546552665314
13432,Australian Shepherd,2,medium,Male,26.20062389213104,35.0411254550702
1421,Dachshund,8,small,Male,30.71586692354273,25.67048338121068
7239,Great Dane,6,large,Female,25.407340141818956,25.608364362739618
11826,Shih Tzu,5,small,Male,26.710623981493878,26.986068835895
20613,Chihuahua,5,small,Female,26.835809997073525,25.416217513508176
24089,Australian Shepherd,11,medium,Female,25.90739215332229,33.28114324164309
13654,French Griffon,5,small,Male,27.858087739519497,31.161650726201536
9709,French Griffon,15,small,Male,23.412037938071165,31.153841994823615
5322,Bulldog,5,medium,Female,25.38248394641705,31.855281317211425
9208,Great Dane,2,large,Female,25.03995602785328,33.793214894114655
19712,Doberman Pinscher,1,large,Male,29.04435735807077,34.71680845446917
21183,Bulldog,10,medium,Female,29.38639937568244,28.31634705425993
5281,Bulldog,3,medium,Male,24.5407042198036,32.64967048373654
13667,Pomeranian,1,small,Male,30.1299587867003,31.406030697096437
13496,Maltese,3,small,Male,29.7784037796049,26.48071095522588
11381,Yorkshire Terrier,2,small,Female,25.087641024944386,34.096829288154346
8161,Dachshund,11,small,Male,27.649529317001818,25.564706458765073
23419,Siberian Husky,2,medium,Female,28.405537830680633,35.25350609604939
19738,Poodle,3,small,Male,29.31721650975791,28.254054411471543
18951,Dachshund,9,small,Female,25.539970654815775,25.137972770488485
22310,Maltese,1,small,Female,29.02120132960446,30.60192991750971
22747,Shih Tzu,6,small,Female,27.656765217418155,34.400188667016934
2840,Border Collie,3,medium,Female,25.186616463932687,32.46468036231161
23534,Siberian Husky,3,medium,Male,29.243484420963078,29.439051461717575
8300,Australian Shepherd,14,medium,Female,28.21346975709473,30.588992756500623
6692,Shih Tzu,6,small,Female,25.759744411699366,25.91799205706863
9835,Beagle,12,small,Male,23.569739892219694,29.384894564569734
19412,Boxer,11,medium,Female,23.301470912011276,27.460428905208037
17295,Dachshund,13,small,Male,23.59165650541851,25.193236740061334
9054,Dachshund,3,small,Female,23.157627226231526,30.455305017214663
7796,Golden Retriever,7,large,Male,23.721442250929897,28.396262917788164
15336,German Shepherd,11,large,Male,26.325487566470215,26.250118537513288
16285,Pomeranian,5,small,Female,22.002595686344637,35.61594376325138
12369,Border Collie,3,medium,Female,28.494592370918856,25.133932576291404
23359,Poodle,13,small,Male,23.456658901860134,26.707184081224742
9024,Rottweiler,14,large,Female,27.135008689831665,31.88249437107977
11686,Beagle,15,small,Male,25.22271792513063,29.154663513670396
14328,Boxer,3,medium,Male,29.435617663535012,28.11112276323916
13008,Poodle,1,small,Female,28.59130265502096,29.215823913647455
2105,French Bulldog,4,small,Male,22.664080759613814,35.708826015287826
2192,Border Collie,1,medium,Female,24.237412487348763,28.952817804155288
2577,Pomeranian,7,small,Male,24.22477334351955,28.59129243111751
2367,Dachshund,2,small,Male,27.252417450734136,34.474023314147345
12371,Yorkshire Terrier,6,small,Female,30.74442188642686,25.27356486727199
23777,Maltese,14,small,Male,24.737422724999426,33.075424299750324
23117,Doberman Pinscher,13,large,Male,29.169585068009823,35.08055252563365
23155,French Griffon,3,small,Female,30.21304348981079,25.636328115862728
11812,German Shepherd,7,large,Female,30.916082568752365,28.95513936889524
15211,Rottweiler,3,large,Female,23.341332865866992,33.95209454628067
9756,French Bulldog,5,small,Female,23.147319344068414,31.411973022379755
14242,Beagle,7,small,Female,26.075317820788385,29.799026926406906
14005,Shih Tzu,1,small,Female,26.165429583275333,33.56617205299331
12234,German Shepherd,8,large,Female,23.009860366406812,33.605426926226386
5415,Yorkshire Terrier,6,small,Male,29.78445022829883,27.547486606392884
11465,Labrador Retriever,6,large,Female,27.989168927918477,30.111930263119362
6655,Chihuahua,10,small,Male,27.99797643542275,25.283962777969897
21362,Beagle,10,small,Female,24.01286882259956,33.22129088802647
1846,Border Collie,9,medium,Female,28.607127908257894,29.964692492249316
2147,Labrador Retriever,6,large,Female,24.071287179563395,29.698361119893296
18880,Australian Shepherd,4,medium,Male,29.48565420480408,28.82508176910793
4490,Rottweiler,13,large,Male,29.70669420958179,27.48095056726053
1753,Maltese,12,small,Female,24.573862787354628,25.441572605135168
17024,French Bulldog,13,small,Male,30.349593974080683,33.97803599372573
15446,Maltese,10,small,Female,26.85195517433803,26.57397438211324
8170,Yorkshire Terrier,11,small,Male,26.890867239984203,27.408511984602985
7970,French Griffon,5,small,Male,30.853368904624734,26.35609510066857
24542,Rottweiler,5,large,Male,26.37126316509027,26.38183962955185
14523,Shih Tzu,15,small,Male,23.765163377918434,35.1363229177832
13671,Poodle,12,small,Male,22.04401889333179,28.67855499226141
3082,Dachshund,9,small,Female,25.722858751670806,26.15840970430982
6053,French Bulldog,4,small,Female,25.37922199952871,35.27658053709743
8387,Shih Tzu,3,small,Male,26.173960547929155,33.085258028748726
21384,Doberman Pinscher,10,large,Female,27.291867943956785,30.558147318090466
4731,French Bulldog,10,small,Male,24.944308072857837,30.8060536989963
1270,Australian Shepherd,6,medium,Male,25.57747643186222,35.259693732267564
4165,Bulldog,5,medium,Female,30.212979124829417,26.56828450573347
17599,Border Collie,6,medium,Female,29.70696220668259,29.26884257565088
20558,Pomeranian,14,small,Male,25.590215401754886,31.64760441124856
19361,French Bulldog,14,small,Female,26.22056941880483,26.183692245770747
23284,Poodle,6,small,Male,29.075222643871378,34.93218750733928
3672,Australian Shepherd,10,medium,Female,29.23789029302245,30.151368772988878
19792,Siberian Husky,5,medium,Female,23.57417517116313,26.123191332162953
22791,Labrador Retriever,9,large,Female,22.44857739205258,32.18322455501507
14098,Poodle,6,small,Male,22.959964858492274,28.81577286821834
11704,Siberian Husky,10,medium,Female,27.663936622311528,25.730521976822846
11463,Yorkshire Terrier,6,small,Male,23.95789803119603,25.54436748514311
24390,Border Collie,11,medium,Female,29.746915704679772,34.728196907831475
22212,Rottweiler,14,large,Male,27.74288096419412,29.846531233092406
16984,Shih Tzu,15,small,Male,25.01840723605901,30.908143573918665
9633,Border Collie,7,medium,Female,26.669196444367543,27.722424479270412
1244,Border Collie,12,medium,Male,26.696810227691905,27.093608749862724
16335,Bulldog,6,medium,Male,30.950687952810185,29.451144224028816
2140,Golden Retriever,9,large,Male,23.418659103774182,26.795813424868943
12415,Yorkshire Terrier,11,small,Male,26.013765240509215,31.289378640703248
13588,Pomeranian,11,small,Female,22.32875906949462,35.1971411878306
5096,Beagle,2,small,Female,27.61366972071803,30.874078687028668
22888,Border Collie,11,medium,Male,28.571788099672688,35.79233573473121
1969,Maltese,12,small,Male,29.231142544112124,25.754990288885097
5922,Maltese,1,small,Female,22.063807660330298,29.343476352351324
23910,Siberian Husky,14,medium,Female,28.251277844071907,32.11623442823926
10566,Golden Retriever,6,large,Male,25.67889255628507,30.98169000037906
13896,Shih Tzu,13,small,Female,25.646066076832433,29.37924480046476
8009,Maltese,3,small,Male,29.242529739790555,34.49521122888629
4598,Shih Tzu,14,small,Male,22.021205149377717,25.211407100826886
14048,Shih Tzu,8,small,Male,24.92417532399072,32.6307549909835
3772,French Bulldog,15,small,Male,30.02080252379666,29.634573371326653
19620,Bulldog,4,medium,Female,22.95303500975662,34.00134939498547
24639,Chihuahua,4,small,Female,25.991687165422945,34.85946434022132
11984,Poodle,10,small,Female,26.82455766923029,34.77443067550104
15910,Maltese,2,small,Female,28.241471197018413,35.862180258552534
23736,Boxer,9,medium,Male,24.70202599458066,26.04327055305965
13832,French Griffon,13,small,Male,24.16154486422926,35.290084742098934
2123,Rottweiler,6,large,Female,27.960246700597242,30.061505727072465
11015,Dachshund,4,small,Female,25.14854863577465,30.886426059101645
6601,Chihuahua,4,small,Female,30.60397678174205,32.59093966373897
23394,Bulldog,4,medium,Male,28.131984414710594,29.619969080645316
21311,German Shepherd,14,large,Male,22.52055542839102,28.703807628941064
7064,Shih Tzu,7,small,Male,29.8779176078164,25.216541538369345
17055,Australian Shepherd,12,medium,Female,26.168472148188936,34.92633705658591
10600,Boxer,11,medium,Female,30.197588455388328,32.69224836348138
9199,Pomeranian,7,small,Female,29.343789688975964,35.12169613458984
17957,Shih Tzu,13,small,Male,30.317042913422164,31.069993070889907
14030,Doberman Pinscher,6,large,Female,29.243118810645495,35.27633958550343
11896,Labrador Retriever,14,large,Male,22.80579857244323,28.214994006859047
6462,Siberian Husky,7,medium,Female,23.739289460061656,25.487845182717187
20699,Beagle,12,small,Male,29.26745178726555,26.34036161543083
7010,Yorkshire Terrier,5,small,Male,29.644590730411025,31.833191082810675
17656,Pomeranian,8,small,Female,25.341226743055678,35.36650024397882
3428,Chihuahua,8,small,Male,22.39681784261067,27.875462725805733
3105,Doberman Pinscher,6,large,Male,28.155159570775496,30.03188366242709
15443,Boxer,9,medium,Female,22.24496994506663,32.515290141635866
8122,French Griffon,8,small,Female,28.820221320646667,34.816554723372064
21066,Bulldog,2,medium,Male,24.062050195325796,34.21425408664407
3564,Bulldog,8,medium,Male,29.036149214994612,29.891704060965246
15437,Doberman Pinscher,1,large,Female,24.022281892553355,26.23094068073516
6076,Great Dane,10,large,Female,30.244917776186576,25.778421936891668
1874,Australian Shepherd,5,medium,Male,30.135036426750613,26.94693330510915
20564,Yorkshire Terrier,3,small,Male,22.694983428520448,28.54159325177886
8952,Great Dane,5,large,Male,22.728939529341567,33.96073855164981
6392,Golden Retriever,11,large,Male,24.58089003547719,30.813732518820615
22407,French Griffon,13,small,Male,27.092986839087374,32.08779593764424
15228,Australian Shepherd,7,medium,Male,22.301625681199145,32.46237766811595
5080,French Griffon,12,small,Female,26.280990809146367,25.487289556097885
23565,Doberman Pinscher,9,large,Female,30.224595909018475,29.63224301468985
8393,Rottweiler,9,large,Male,22.726108381846032,27.269500052939854
19345,Golden Retriever,1,large,Female,22.644422007142403,31.45588703851505
10463,French Griffon,2,small,Female,29.944499118334164,33.34005103997591
23629,Great Dane,12,large,Female,30.92332663210036,33.59931650586871
10655,Doberman Pinscher,14,large,Male,30.833730331628242,27.898204070463567
10048,Australian Shepherd,12,medium,Male,22.452374836154092,35.63217779147311
2983,Shih Tzu,13,small,Male,28.845562507781985,33.75770730255675
23639,Australian Shepherd,1,medium,Male,30.15941638179218,32.42497884699996
9870,Beagle,7,small,Female,24.482772299594767,32.17269228275948
1392,Poodle,9,small,Female,27.958142779803893,27.36703234256455
21883,Bulldog,4,medium,Female,23.038730995061552,29.776718169768145
12163,French Bulldog,4,small,Male,23.48525319872629,34.937197581307714
19007,Maltese,14,small,Female,29.407804623524452,32.90673057040215
19357,Poodle,6,small,Female,23.02377737034861,34.77475450166218
24668,Maltese,12,small,Male,28.8025379236689,32.89218868240628
24262,Dachshund,7,small,Female,24.751705024330953,35.92969797391898
23916,Pomeranian,7,small,Male,22.027593178276902,29.428353739818284
15583,Chihuahua,1,small,Male,23.215012239310838,35.065640354002625
1471,Yorkshire Terrier,5,small,Female,27.651936162280244,34.19215577029611
8671,Australian Shepherd,10,medium,Female,26.237707591320486,34.03548380345602
8905,Siberian Husky,8,medium,Male,23.4945252515254,31.155153746934047
20784,Australian Shepherd,8,medium,Male,27.814698383621675,28.019923504769938
19061,Maltese,3,small,Male,22.545834823206963,29.31044729920551
3939,Chihuahua,6,small,Male,22.764169909021437,31.5784863033124
19591,Rottweiler,5,large,Female,29.959861659569377,25.043578138847288
4742,Chihuahua,4,small,Female,30.83285472456407,28.22409639665762
15432,Golden Retriever,9,large,Female,29.271694328013094,25.59607682769708
18135,French Bulldog,7,small,Female,25.137328431195016,26.258366639504477
3256,Border Collie,8,medium,Female,23.749207356801797,26.189368696916798
23195,Shih Tzu,13,small,Female,23.018962452819434,32.30980634312298
13982,Boxer,2,medium,Female,29.297871809482295,35.95978117786417
10519,Maltese,13,small,Male,28.748040258413823,25.161850028604903
14392,Doberman Pinscher,3,large,Male,23.544655083093396,30.514462285795187
10598,Bulldog,9,medium,Female,30.821624414800723,32.87944351935266
24627,Pomeranian,1,small,Female,27.928375357956323,28.008353621928563
2586,Border Collie,6,medium,Female,28.687045196281623,32.40174801261643
16246,Labrador Retriever,1,large,Male,30.98414112824093,35.53759989763287
20701,French Griffon,9,small,Female,22.59932227048123,25.04042781613627
6051,Chihuahua,8,small,Female,24.082764158540677,31.73156789079501
10349,Australian Shepherd,14,medium,Female,24.574802656444486,30.700059784467825
16887,Rottweiler,9,large,Male,25.988340068251635,32.22744488055724
22288,French Bulldog,9,small,Female,24.70261626994662,35.94985008392775
18031,Labrador Retriever,5,large,Female,24.792958421259698,28.409705029130308
13586,Bulldog,3,medium,Male,25.27499287208461,28.478743667333003
3717,Chihuahua,11,small,Male,26.0731819757549,26.479428420348274
11822,Chihuahua,15,small,Male,30.210426516142057,30.099137423284546
7456,Labrador Retriever,2,large,Female,28.760153082830282,35.60035899117636
16119,Golden Retriever,10,large,Female,25.533538663238783,34.981245635808776
8906,Poodle,11,small,Female,28.337495232918506,26.016135430408752
22279,Dachshund,4,small,Female,23.97790766264436,26.89764618260192
7254,Yorkshire Terrier,9,small,Male,22.199284384854998,27.828413545878963
14961,Dachshund,2,small,Female,23.550540144704794,32.12367370735737
5403,German Shepherd,11,large,Male,30.71120971129838,25.294729985791694
18016,Beagle,8,small,Female,30.31647849700519,30.675701025641153
12513,Dachshund,12,small,Female,24.748481671009415,28.54303819179013
17785,French Bulldog,1,small,Female,26.89782297411395,31.04782106583966
23314,Bulldog,11,medium,Female,26.361249031517826,35.37882218722484
19845,Boxer,5,medium,Female,29.007488435193206,26.921088187542765
21897,Siberian Husky,15,medium,Male,23.132683033857116,34.94811626361791
5606,Doberman Pinscher,1,large,Male,25.007236490953073,25.654317497322136
23733,Shih Tzu,14,small,Male,29.727584959252344,29.924566890955894
24807,Border Collie,8,medium,Male,26.298457762471728,27.13286171681323
22124,Shih Tzu,13,small,Male,30.699006211700276,29.255480762941012
24492,French Bulldog,12,small,Male,25.627229211640536,27.36954771055981
16244,Rottweiler,7,large,Female,28.110559051379248,29.390501054100778
19656,Australian Shepherd,12,medium,Female,26.754090668587736,27.450488297138918
4694,French Bulldog,13,small,Male,24.989573770447528,25.558092332433997
16612,Shih Tzu,14,small,Male,23.555568461568306,35.9582650429634
21954,French Griffon,10,small,Female,29.704174671174332,34.65335146645131
1473,Poodle,8,small,Male,25.93012592954271,31.807914272986174
18087,Golden Retriever,8,large,Female,24.215601900848203,27.383093453116523
22354,Rottweiler,7,large,Female,22.07438978579641,28.36995475837093
12347,Great Dane,9,large,Male,30.512043029139523,29.258044789312372
10176,Bulldog,13,medium,Female,24.244809669135417,31.50914111908467
15541,Rottweiler,2,large,Male,25.659700334413664,26.078899715075355
6397,Labrador Retriever,12,large,Female,29.55098547460585,29.669411300026546
14232,Golden Retriever,5,large,Male,28.650756089617804,28.171902260846345
14024,Boxer,3,medium,Female,22.155653678103434,35.81770201519831
12147,Yorkshire Terrier,14,small,Male,27.64325332637484,34.34172979076354
9519,Doberman Pinscher,6,large,Male,30.095342271017834,32.13331460476354
23952,Border Collie,12,medium,Male,26.14785991352165,31.482492910963465
1844,Labrador Retriever,6,large,Male,23.229984983454955,28.50668943170995
23605,Siberian Husky,6,medium,Male,24.699656615779656,30.582572189878835
3719,Maltese,2,small,Female,27.04969599545604,28.534412518710525
14090,Beagle,3,small,Male,28.344329266003545,33.02619317027577
18571,Rottweiler,3,large,Female,28.07904847473469,27.00976417338066
14799,Rottweiler,1,large,Female,30.131692340720367,30.1714383476572
11835,Boxer,1,medium,Female,26.577896930899662,29.620994553948105
5751,Chihuahua,13,small,Male,26.218456922616536,29.413183361553465
6814,Bulldog,11,medium,Female,28.6649277028827,27.58800104959014
4890,Australian Shepherd,15,medium,Female,27.5987802231292,25.853840961030684
9764,Pomeranian,14,small,Female,24.872368955415606,26.44260309100807
23171,Great Dane,1,large,Female,30.887675713047464,26.590659371276775
10513,Dachshund,8,small,Female,23.337042868312306,33.442348409975494
3319,Bulldog,5,medium,Female,27.981397988146302,32.72948459536291
14138,Rottweiler,14,large,Female,24.545286794446763,29.360392727128357
6892,Shih Tzu,8,small,Male,26.26725046892292,28.491617137566895
2825,Border Collie,4,medium,Male,24.066466524547685,32.93728981747354
21595,Rottweiler,12,large,Male,30.784836266221877,31.49261004433452
20949,Poodle,14,small,Male,23.334128766316514,25.067751263210713
22456,French Griffon,4,small,Male,23.313091080829068,33.83255431571107
14206,Labrador Retriever,15,large,Female,25.903787953975534,29.697338410952305
11814,Yorkshire Terrier,2,small,Female,24.09351839905568,27.250836773049777
11877,Dachshund,14,small,Male,29.084959021439058,27.52020728493278
5475,Rottweiler,15,large,Female,29.46157057534261,28.57775571452996
11892,Doberman Pinscher,9,large,Male,23.896438373924852,25.786178974009786
19038,Border Collie,15,medium,Female,22.909050888265018,30.347033641161108
19860,French Griffon,7,small,Female,24.817594251421593,32.91675639270106
23981,Australian Shepherd,7,medium,Female,22.363318449017548,31.471199707230756
4077,Chihuahua,12,small,Male,27.812183234409943,34.3780245450453
11340,Australian Shepherd,13,medium,Male,29.802950740820968,32.58866446048345
16479,Chihuahua,2,small,Male,25.883933333565338,31.868166104658194
19616,French Griffon,10,small,Female,27.225382428777312,32.08667982522584
13535,Beagle,8,small,Female,28.431361733250082,26.927450093883802
1758,Chihuahua,6,small,Male,25.66869128692615,30.74548790886918
18028,Beagle,8,small,Male,22.150406556711527,27.637653073571325
14261,Shih Tzu,8,small,Male,25.68348318261618,33.136326668396165
20710,Dachshund,14,small,Male,25.13318408832128,26.246290627889756
23670,Dachshund,5,small,Female,30.128515818322718,28.16797185991555
18621,Poodle,7,small,Male,25.798658458805257,33.32044665052412
16194,Great Dane,2,large,Male,25.882938154539342,26.554251840698928
10848,Doberman Pinscher,1,large,Male,25.768956805846695,31.72899224009893
24436,Shih Tzu,11,small,Female,26.25647455502319,26.915329290723534
4520,French Bulldog,14,small,Male,26.247246515654588,27.16502304227716
24601,French Bulldog,12,small,Female,22.688809387260875,26.367492789288683
18505,Maltese,5,small,Male,26.556749807201708,31.222686744052254
17683,Dachshund,8,small,Female,26.811285217185706,32.65928678507841
6301,Beagle,1,small,Male,30.71097162734458,27.421257670912055
11744,Beagle,7,small,Male,22.930668530356225,33.05183327245797
11117,Great Dane,13,large,Male,28.477691787988945,33.50474778084474
10233,Chihuahua,8,small,Female,22.044481104605737,31.084208903250364
7083,German Shepherd,5,large,Female,24.319464009653203,34.16490563511408
3615,Great Dane,2,large,Male,26.782170444946473,30.7209857895075
20408,Shih Tzu,10,small,Female,30.48798241078078,31.647713794177246
7253,Border Collie,3,medium,Female,26.49846911843299,34.32656619845612
13930,Golden Retriever,6,large,Male,27.235896486236815,33.39891813402814
20532,Beagle,14,small,Male,27.06099509543566,31.38386481108317
17004,Poodle,10,small,Female,29.012060833277168,35.05187796206884
1593,German Shepherd,2,large,Female,27.40674145554366,26.904008477799625
24784,Poodle,5,small,Male,22.573478141230776,31.922860769284107
22902,Golden Retriever,7,large,Female,25.942375536064418,30.560274302491976
8074,Labrador Retriever,3,large,Male,22.66739429044297,33.685902134292476
10968,Chihuahua,8,small,Male,23.378626814636313,33.630302178993524
17014,Poodle,6,small,Male,26.815151990834575,34.09379244730861
11777,Boxer,11,medium,Male,29.977917333622685,29.965727024940094
14942,Pomeranian,4,small,Female,29.308062849745333,26.532148698419153
19579,Pomeranian,9,small,Male,25.428833103685058,26.22960915303978
23350,Siberian Husky,13,medium,Male,28.65900010055271,33.67096990414112
8261,German Shepherd,14,large,Male,29.518789588037457,28.72725666533192
5312,Chihuahua,2,small,Male,25.821482637685808,27.200144525617034
6701,Pomeranian,9,small,Female,29.89415561465839,30.04956592978174
15089,Boxer,7,medium,Male,28.940039008219824,25.424501151772215
12248,Australian Shepherd,13,medium,Female,25.742464808733434,33.008262376292286
15390,Poodle,4,small,Male,27.030953653431993,31.640014901606243
10517,Golden Retriever,9,large,Male,25.817942917935504,27.917125703869296
15834,Doberman Pinscher,7,large,Male,25.13824185253929,31.036896253453378
2366,Doberman Pinscher,5,large,Female,26.145125505359704,34.94463315885307
19687,Rottweiler,7,large,Female,27.57330073645474,27.567148446005618
4817,Pomeranian,15,small,Male,22.316972230705698,25.320977385965634
22558,Great Dane,10,large,Female,23.934440842011185,31.334154511811658
21499,Labrador Retriever,5,large,Male,30.614825165831157,32.5055729365254
18782,Great Dane,8,large,Male,23.8184478952224,30.361235329800067
18251,German Shepherd,9,large,Female,30.36949882845726,26.915984013748798
10717,Rottweiler,13,large,Male,27.62963718678796,34.84511826771657
24805,Beagle,10,small,Female,23.552471938619338,25.1414861262257
10963,French Griffon,11,small,Female,25.677907555676395,26.763129622225964
3906,French Griffon,4,small,Female,22.786718809372044,27.238133843682682
22169,Labrador Retriever,15,large,Female,29.33242273767949,35.97652761632654
3415,Bulldog,2,medium,Male,24.81211303417376,31.036962225077158
8140,French Bulldog,12,small,Female,26.774473809839968,28.340920750850888
23477,Shih Tzu,15,small,Male,25.300103082917218,26.919355221241844
18119,French Griffon,5,small,Male,30.4611686730916,27.64619840139904
9235,Australian Shepherd,8,medium,Male,24.41497629756796,29.50890594440797
6725,Great Dane,6,large,Male,22.628542011736105,33.02077107698778
7549,Chihuahua,3,small,Male,22.315517946525915,33.670915990048144
18722,Golden Retriever,3,large,Male,22.590930571933406,33.501723569517026
10817,Doberman Pinscher,9,large,Female,24.12848390588226,29.186619644808605
10445,French Bulldog,9,small,Female,25.398614340891925,35.92375725082967
15993,German Shepherd,15,large,Female,22.348046092588493,34.342328406713705
6878,Pomeranian,2,small,Male,29.512384646731313,28.944806065226935
24963,Australian Shepherd,13,medium,Male,24.541925724329126,31.961644244400595
21675,Chihuahua,3,small,Female,30.562633109323485,34.93592516837835
18720,French Bulldog,9,small,Female,24.559854828603918,30.330530144098134
18440,Boxer,6,medium,Female,24.082533177706466,35.83704120756825
22373,Bulldog,3,medium,Male,24.62765415621419,27.09424089523554
5944,Siberian Husky,13,medium,Male,29.622018736388483,35.42895219336042
8826,Great Dane,14,large,Male,29.786366310351458,33.94893288428755
2963,Poodle,13,small,Female,24.314114153156744,30.41027744831204
8072,Labrador Retriever,9,large,Female,24.52386577513512,27.90600558347118
1322,Golden Retriever,9,large,Male,22.672973655991523,32.340962784185216
11201,Rottweiler,10,large,Female,23.025820234127558,32.91424920327087
20724,Siberian Husky,11,medium,Female,29.06394701578976,30.954155899409834
17299,Chihuahua,12,small,Male,22.176337293360454,25.32612641350612
16315,Border Collie,1,medium,Female,23.707814123329076,31.360040973875968
7754,German Shepherd,3,large,Male,24.602270010465496,29.046813330964795
20815,Border Collie,15,medium,Male,28.976717029147714,28.00330089152878
17036,Doberman Pinscher,14,large,Female,29.25757884960052,32.985229779026206
3849,German Shepherd,8,large,Male,27.50947442030372,26.10116419482373
1369,Rottweiler,15,large,Male,24.165385063909355,25.878220829071815
13879,Boxer,15,medium,Male,26.367252954334408,28.198087986829012
5020,Rottweiler,2,large,Female,22.282038573936962,31.7875161900538
14682,Chihuahua,2,small,Female,26.340485207976364,34.60221005599637
24834,German Shepherd,1,large,Female,27.416414218378257,26.871677217613776
19969,French Bulldog,5,small,Female,28.12024157699266,26.151119227470904
21976,Australian Shepherd,9,medium,Male,30.04423581683071,25.498936442811555
8414,Pomeranian,15,small,Male,28.312893307927126,32.288541007895724
7006,Pomeranian,2,small,Female,26.903850463346636,28.640082687989953
16912,Rottweiler,11,large,Female,28.295443637528635,35.61019037348974
15021,Labrador Retriever,5,large,Female,25.718665059298097,34.22430761016395
4911,German Shepherd,1,large,Female,26.844650842175547,26.091655836625172
24375,Siberian Husky,7,medium,Male,26.09827873903498,29.738657940023835
21413,Beagle,10,small,Female,28.230724470457254,30.80533767082256
11809,Yorkshire Terrier,2,small,Female,23.92410835764582,31.488870858987443
10458,Rottweiler,10,large,Female,23.452194725306768,26.07749520878434
17946,German Shepherd,7,large,Male,24.275061261228686,25.48860595577354
9859,Maltese,14,small,Female,25.608956658693273,34.99572283422814
19225,Poodle,15,small,Female,29.184342439688976,31.22355139925892
18934,Labrador Retriever,5,large,Male,23.675060930669808,35.293406953770635
2942,Golden Retriever,7,large,Female,23.907975130653817,32.702123997938436
11286,Dachshund,4,small,Male,28.17149419078198,27.071201464521035
5323,Labrador Retriever,5,large,Female,29.66395481552125,26.13954986805116
2764,Labrador Retriever,3,large,Female,25.279534712510934,26.598823392532736
16224,French Bulldog,5,small,Male,30.361721910882018,33.83437130521885
10339,Chihuahua,3,small,Male,25.58602869212386,32.56132637377913
12451,Siberian Husky,13,medium,Female,26.71930178329609,28.444028888581354
22309,Beagle,12,small,Female,22.12280338851371,35.55195155610687
20996,French Bulldog,5,small,Female,28.788348956261807,30.845998605106487
2607,French Griffon,14,small,Female,28.28271605912667,31.98715866317143
24311,Yorkshire Terrier,11,small,Male,26.61903971538755,29.467826253841558
22163,Shih Tzu,8,small,Male,29.44611785464627,32.72011800323576
22339,Beagle,5,small,Male,28.097055543912973,34.003507840915034
18691,Great Dane,8,large,Female,22.52561661477457,25.095346892160926
8373,Poodle,13,small,Male,28.800354529941288,25.190058664380054
14805,Yorkshire Terrier,11,small,Female,29.436648072796654,29.70196037835467
2953,Dachshund,1,small,Female,28.120042465670107,34.623623989831934
4221,Bulldog,6,medium,Female,27.222205123155884,26.98671711496673
8316,Border Collie,3,medium,Female,26.16959796111236,28.616641880883257
14496,Labrador Retriever,1,large,Female,25.076643900331895,27.27578913247794
23717,Australian Shepherd,3,medium,Female,22.666479794464497,35.40703409768297
19258,Shih Tzu,9,small,Male,23.50708038623846,31.451696089468413
18592,French Griffon,2,small,Male,28.610513328007166,27.67588009190637
7306,Boxer,14,medium,Male,27.813433663309933,26.19840038560575
8257,Australian Shepherd,5,medium,Female,26.95020970407376,35.934645428405354
4910,German Shepherd,14,large,Female,30.1892295644343,29.285197584033135
2575,Border Collie,12,medium,Male,25.06921219788363,27.976762700398826
2649,Dachshund,6,small,Female,30.287577634743844,26.2229509253132
5078,Australian Shepherd,11,medium,Male,23.087075562118677,32.56956253700483
5847,Australian Shepherd,7,medium,Female,23.111699275857916,28.79668233747763
1983,German Shepherd,12,large,Female,26.074315363900304,26.120630625971764
23044,Golden Retriever,13,large,Male,29.142967366815007,30.622683578841265
9314,Doberman Pinscher,1,large,Female,30.17738463724079,26.839371161450114
10766,Border Collie,8,medium,Female,28.03278055809063,27.814770926875617
23486,Bulldog,9,medium,Male,25.176701109147952,32.36782460086446
1938,French Griffon,14,small,Female,30.795646234588613,29.272904360299727
14166,Rottweiler,9,large,Male,24.791316994019112,35.07087537712745
17246,Australian Shepherd,5,medium,Female,30.69974610733457,32.401701530856855
4999,Pomeranian,12,small,Female,26.287993271218184,31.779999330101568
11971,Boxer,5,medium,Female,24.329320567886775,34.785582943399646
16056,Shih Tzu,13,small,Female,24.301246388922646,30.852043288834228
24902,Labrador Retriever,4,large,Female,30.943721505024225,33.6768969607184
10052,Siberian Husky,9,medium,Female,22.227425090036782,34.74607728370429
7806,Australian Shepherd,1,medium,Male,24.111574692908345,28.28141909831177
9935,Labrador Retriever,3,large,Male,22.273502484798797,31.163815609371127
22901,Maltese,4,small,Male,29.899381318194656,34.266834690228244
23019,Pomeranian,2,small,Female,29.744167790721473,28.481516663128644
21391,Dachshund,9,small,Female,24.55051932108481,35.2781922740485
4296,Bulldog,5,medium,Female,28.258417612327246,28.449664379041664
8955,Rottweiler,10,large,Male,30.074325875911526,34.23500783937221
3944,French Griffon,15,small,Female,27.977775084909158,35.01165727133122
2315,Siberian Husky,8,medium,Male,27.81099267662365,25.516646204091813
16388,Shih Tzu,4,small,Male,28.906384982392673,29.568296020014287
1948,Maltese,6,small,Male,23.639270044270948,26.153599805496988
11836,French Griffon,2,small,Female,28.191947690320447,31.446284439748013
18403,Yorkshire Terrier,6,small,Female,24.162794274997207,34.24807523985018
15737,Rottweiler,15,large,Female,27.89588537677329,34.0887338360648
21277,Dachshund,4,small,Male,26.514104358741736,26.42793084175549
17765,Poodle,7,small,Male,26.579952155393073,27.85534785844709
4516,Doberman Pinscher,12,large,Male,23.683088861096167,29.60487476670279
21031,Labrador Retriever,4,large,Female,29.393127319621495,35.045086177259066
2663,French Bulldog,2,small,Female,27.356572541574977,27.641099624238173
24477,Beagle,9,small,Male,30.07356190573062,34.26120253453757
10223,Great Dane,8,large,Female,28.230686972227197,29.72482663652996
23828,French Griffon,14,small,Male,25.121382459929006,33.46578091714689
8593,French Bulldog,5,small,Female,28.78843986822495,32.26919102371126
14525,Pomeranian,11,small,Female,29.696212449628323,29.075953001835245
3276,French Bulldog,4,small,Male,26.58080449766633,27.334854367154172
20127,French Griffon,15,small,Female,28.562947926887706,29.485899183786334
22067,Maltese,5,small,Male,25.44533798859658,30.16683944620148
14062,French Griffon,13,small,Male,27.620367747158667,26.916410677367764
23947,Siberian Husky,7,medium,Male,27.78431137650317,28.920172066512684
9631,Labrador Retriever,6,large,Female,24.983923248603737,32.404082075035575
18022,German Shepherd,7,large,Female,23.999715004343134,33.617450698648426
9716,Siberian Husky,11,medium,Male,23.53190514404123,29.766495263945636
14215,Maltese,1,small,Male,30.3297102698053,27.9623517025527
6866,French Bulldog,9,small,Female,23.307466851551997,35.32107823317675
23446,German Shepherd,11,large,Female,29.186130023127976,35.436360625107675
20162,Maltese,11,small,Male,26.375570822496584,26.738254537866936
12729,French Bulldog,12,small,Male,25.458811707761726,34.165171467784
22033,Pomeranian,13,small,Male,25.801233020902078,27.663396639072214
19082,French Griffon,6,small,Male,23.85016586681936,30.958646237114817
8401,Border Collie,9,medium,Female,30.443906402297515,29.34761344969442
23444,Labrador Retriever,13,large,Female,24.051260300891744,28.31091677497146
22637,German Shepherd,10,large,Male,22.804181686773266,35.878879791229636
14092,Pomeranian,4,small,Female,25.956630850953665,25.032645485731894
16183,Maltese,10,small,Female,27.768946368696923,26.487731221139533
12598,Beagle,13,small,Female,26.23610063338564,33.56037849708356
12104,Great Dane,2,large,Female,30.577683473062894,29.613056065060245
3051,Beagle,5,small,Female,29.71779030954499,30.47739187261037
4961,Pomeranian,4,small,Female,22.238028602990564,34.83933280724921
9108,French Griffon,7,small,Female,22.474807052535365,27.67343646376087
11537,Golden Retriever,4,large,Male,24.070874815005155,29.64168360028151
23841,Golden Retriever,7,large,Female,26.92170594968489,27.637663709449626
21246,Shih Tzu,11,small,Female,25.48362281024513,33.19071698159897
21153,French Griffon,15,small,Male,29.71235326764362,26.22381418530685
19005,Border Collie,2,medium,Female,24.39048691768625,28.02199689923455
6808,Siberian Husky,10,medium,Female,26.44057011516434,31.713032643418778
13131,French Bulldog,2,small,Female,24.795825948635155,29.94323635880112
20926,Chihuahua,2,small,Male,27.916424181707516,35.3002643770093
22319,Doberman Pinscher,1,large,Female,28.158775724581055,32.48962925230808
24330,Great Dane,5,large,Female,29.443966819854925,33.59301409797708
4522,Bulldog,8,medium,Male,24.833037116483904,28.0979174637992
10985,Poodle,8,small,Male,26.84155980992024,30.193337818901576
4155,Labrador Retriever,1,large,Female,27.704684833316644,26.85637382649718
6117,Great Dane,9,large,Male,26.48846176252416,26.194208113669607
13945,Labrador Retriever,4,large,Female,22.78221934506737,29.824733271979657
2806,Poodle,9,small,Female,26.580616107594345,31.907111367679907
12523,Golden Retriever,5,large,Female,30.764186913511864,34.65585071122778
18126,Dachshund,11,small,Male,24.159728419080924,32.93905861825942
12740,Doberman Pinscher,3,large,Male,25.966787969785734,28.60379459917299
10314,Dachshund,12,small,Male,26.720252346825063,29.05808680827799
24588,Labrador Retriever,3,large,Female,27.85444113699226,30.40980062415476
10609,German Shepherd,8,large,Male,27.129906277684064,32.06223932716745
16906,French Griffon,10,small,Female,24.0184538694458,28.05621311502062
12493,Maltese,14,small,Female,27.74359251183449,34.99857424767704
21506,Shih Tzu,12,small,Female,28.443329356128093,34.672471394615634
12409,Poodle,7,small,Male,28.94280298090508,34.15254757107936
20355,Poodle,10,small,Female,22.304545381881788,25.565813637189834
7174,French Bulldog,8,small,Male,23.642580031424696,25.497960543119056
21946,German Shepherd,2,large,Male,27.326590516978875,31.114876293105127
11173,Dachshund,8,small,Female,27.373270426959294,25.47845814281642
20073,Chihuahua,12,small,Male,25.87158524047139,30.010123847392343
6211,Dachshund,10,small,Female,22.8625376794565,35.99599461217993
23506,Rottweiler,13,large,Male,26.125119476359558,35.894983792036676
5757,Australian Shepherd,3,medium,Female,25.297111940518427,28.47411597386312
16047,Yorkshire Terrier,10,small,Female,28.83970488856608,25.56871427133268
23604,Yorkshire Terrier,4,small,Female,27.913884298558347,26.45687691323322
13126,German Shepherd,2,large,Female,27.643890011958128,34.244019436671216
2798,French Bulldog,9,small,Female,23.28722765641986,32.40381963744679
19503,Labrador Retriever,5,large,Female,26.57174837342388,26.842155993135908
15426,Siberian Husky,9,medium,Female,28.159297323339985,29.987022763064104
2356,Poodle,10,small,Male,26.495108665166768,28.88979883823905
4147,Shih Tzu,14,small,Male,28.255719629060323,30.489004935486182
9414,Golden Retriever,15,large,Male,27.563606244775787,31.37206137092194
17374,German Shepherd,9,large,Female,29.7736712688474,25.537328599376703
2477,Maltese,9,small,Female,24.303776482462382,32.81593387643617
11905,Chihuahua,11,small,Female,26.393236254935218,29.85433421283621
10728,Beagle,7,small,Female,23.818034159847585,25.403893431532854
6290,German Shepherd,5,large,Female,25.978506441866493,28.17836088329944
6289,Rottweiler,12,large,Female,28.6522699119678,25.83547526616271
15734,French Griffon,13,small,Male,30.620906213769196,31.012390559515346
5358,Siberian Husky,8,medium,Female,30.813255864996012,33.78813879252062
17591,Shih Tzu,1,small,Female,22.289209801850937,32.96704891572959
5337,Dachshund,2,small,Female,30.195897889442982,25.832091727702203
7242,Labrador Retriever,14,large,Female,29.08253131362863,27.149023020355532
7225,Chihuahua,9,small,Male,25.29573482188428,31.232430469833695
21146,Australian Shepherd,11,medium,Female,24.33881883955187,33.02263817745543
17892,Boxer,2,medium,Male,29.50827790800632,35.41756409315739
14540,French Griffon,9,small,Male,30.462222149876457,31.899474010211218
17613,Bulldog,12,medium,Female,23.36176815477338,25.909555240715264
4408,Great Dane,6,large,Male,25.582046151795804,32.720078955467415
20338,Beagle,15,small,Male,23.916722636845545,35.26810228880565
14025,Pomeranian,3,small,Male,23.584454052409434,35.3458687827635
14539,Pomeranian,14,small,Male,25.615165640893558,35.0258832941163
20034,Maltese,4,small,Male,23.088862057277787,30.326162457513338
10535,German Shepherd,9,large,Male,27.666304063687097,30.491154667118824
9514,Great Dane,14,large,Female,22.919503975094926,33.58805317877693
15071,French Griffon,8,small,Female,27.68986669805684,32.15482044816159
12053,Australian Shepherd,3,medium,Female,29.3836914353479,28.91395074289127
24785,Chihuahua,8,small,Male,26.902201012550016,32.51305930355387
18853,Maltese,4,small,Male,30.036241083563308,30.956254634674394
1760,Beagle,2,small,Male,26.59015849785731,32.011721834118894
21094,Boxer,9,medium,Female,22.10368380128005,26.558150059953284
17633,Dachshund,14,small,Male,26.96803867556952,35.360255679712004
13897,Shih Tzu,10,small,Female,30.432113341672366,27.31169910442247
19052,Great Dane,3,large,Male,24.57952978211927,34.57479284998294
17815,Poodle,8,small,Male,27.774198848597987,26.174633381576022
10435,Poodle,15,small,Male,30.83168263251008,29.857102270637526
17514,French Griffon,2,small,Female,30.88427465444508,25.17607364679376
18497,Pomeranian,7,small,Male,30.76999544869681,30.07669515466163
5325,Australian Shepherd,13,medium,Female,28.164359594647042,29.40001867447047
10669,Shih Tzu,10,small,Female,24.112475232828313,30.634631939177964
19219,Australian Shepherd,4,medium,Male,25.883293125364307,31.647744269558096
19240,Siberian Husky,14,medium,Male,30.463208760213966,27.363495509232884
12185,Pomeranian,2,small,Female,29.207776922066504,35.720481352232134
4884,Pomeranian,6,small,Female,25.005897839929514,25.924744101649917
13534,German Shepherd,9,large,Female,27.841628785457324,34.770572878532434
20420,Pomeranian,4,small,Male,25.814092829231626,26.346912358878804
5084,Bulldog,15,medium,Male,28.803015537010726,33.38561969254784
10835,Poodle,8,small,Female,23.913670688544737,35.9700763286349
17320,Pomeranian,7,small,Female,22.582288740855837,29.016305546553212
8559,Doberman Pinscher,3,large,Female,30.043236488177953,28.59854761713729
10555,Bulldog,1,medium,Female,29.52273312369535,32.4714961873694
15550,Bulldog,8,medium,Male,25.19510724670858,26.9247415201053
17733,Poodle,9,small,Male,26.622964921202126,28.049012732616134
21678,Pomeranian,15,small,Female,22.80289366272303,30.019499915382156
15438,Poodle,14,small,Male,25.532508944537575,27.85650386870784
16293,Poodle,15,small,Male,28.73418429421044,31.312402688299013
23122,Dachshund,5,small,Male,26.8408093150858,26.074017755434415
13057,Rottweiler,15,large,Female,27.74787168886173,27.24321865853568
19070,Boxer,4,medium,Male,24.03320083861617,31.798882970435002
16187,Australian Shepherd,1,medium,Female,27.78760185385054,28.634715715277252
17169,Pomeranian,10,small,Female,28.088132570498118,27.886895591896668
21898,Maltese,14,small,Male,29.652333053237246,27.540170266590124
9961,Golden Retriever,4,large,Female,29.068472001027377,31.684631963960342
19832,Rottweiler,11,large,Female,22.599742497048346,30.049115489185624
17780,Dachshund,13,small,Male,24.181861654311852,28.01482237168596
13727,German Shepherd,7,large,Male,22.25713192474858,33.707644094939425
8961,Labrador Retriever,1,large,Female,25.27722806420909,35.55668771641327
24152,Yorkshire Terrier,4,small,Female,27.252521696082024,27.357867829778872
5130,Beagle,8,small,Female,26.923881358061404,26.016045897670395
11305,Maltese,1,small,Female,30.329211003636694,26.223382177138973
21509,French Bulldog,6,small,Female,27.47373757729475,34.80453141741643
20232,Golden Retriever,2,large,Male,26.57103045991307,33.3626699244202
5831,Labrador Retriever,15,large,Female,26.397010291157734,31.010564985623674
22032,Shih Tzu,9,small,Male,23.071546909852696,31.810289809791346
14124,French Bulldog,12,small,Female,25.921019768726136,28.89846614245785
19910,Maltese,3,small,Female,24.237638045789307,31.415919639032143
10875,French Griffon,10,small,Male,23.037913037220616,28.098130492777308
16163,Maltese,4,small,Male,24.738059548376192,31.54512541832525
14088,German Shepherd,9,large,Male,27.221638449275844,34.34120790369069
6023,Bulldog,6,medium,Male,23.464525625302745,35.12114570107158
1939,Pomeranian,3,small,Female,28.596215825381517,32.733896010136704
15259,Maltese,12,small,Male,27.888975823936043,30.03035803297617
21240,Siberian Husky,4,medium,Female,22.4709735994711,31.698382426254206
3965,Border Collie,8,medium,Male,26.34465927677821,30.126488044325527
11561,Golden Retriever,14,large,Female,30.730132471030196,34.765174381765476
6199,Labrador Retriever,6,large,Female,24.74200706519266,31.038801717410102
4139,Golden Retriever,8,large,Male,28.06020851662425,31.618796091429893
17493,Boxer,7,medium,Male,23.719819237047517,30.006912060310164
9614,Shih Tzu,1,small,Female,29.518104293343377,34.61021214980573
18311,French Bulldog,8,small,Male,23.07748899124905,29.4485265476655
17583,Beagle,5,small,Male,25.59283247837863,25.027786707993716
23055,Rottweiler,15,large,Male,25.08475838961899,29.844379674390115
2383,Siberian Husky,7,medium,Female,24.655815174448183,32.1484605444098
23249,Labrador Retriever,12,large,Female,29.74817675691942,30.203004526208197
14409,Beagle,9,small,Female,28.295022677016274,30.933998323893952
9107,Doberman Pinscher,8,large,Male,29.390321450573754,25.56082979885799
18020,Labrador Retriever,8,large,Male,28.160243783682542,27.886775906002978
13230,Great Dane,15,large,Female,24.1186511314353,35.22001626178229
5356,Great Dane,12,large,Female,30.08331093863024,28.913850031927005
9736,French Bulldog,13,small,Female,23.801477036971736,26.467615302913217
11190,Doberman Pinscher,3,large,Male,25.838266332058925,30.88917157632215
15315,French Bulldog,13,small,Male,29.961156067803422,25.83519548734459
9430,French Griffon,7,small,Male,28.142884369473773,29.051426760750594
7854,Great Dane,9,large,Female,29.55934418285748,25.610603489567517
19040,Dachshund,13,small,Female,29.05098423981317,30.5359422430444
20811,Border Collie,10,medium,Female,26.61176477364141,28.1584115999606
3738,Yorkshire Terrier,14,small,Male,26.801955485691163,32.15253432080619
14699,Pomeranian,3,small,Male,26.30447889543268,33.007014509534855
21084,Golden Retriever,9,large,Female,29.514972996749535,27.12104113944046
22661,Chihuahua,11,small,Male,29.720459210932514,27.151536207022797
22399,Maltese,12,small,Male,24.539272045617402,25.97941472629502
4666,Chihuahua,13,small,Male,28.387967399721013,26.522837980716258
13244,Doberman Pinscher,8,large,Male,26.055354546439702,30.212642154079617
12280,Pomeranian,4,small,Female,24.054646856543535,30.571420901701636
21137,Pomeranian,4,small,Female,24.106460106747395,27.461630299712425
3557,Chihuahua,1,small,Male,23.18371624263035,27.051081333550613
16054,Australian Shepherd,14,medium,Female,27.35031334313107,29.037948734375334
12469,French Griffon,11,small,Male,22.145793929136477,29.065544051347278
21830,Shih Tzu,7,small,Female,22.62540586425595,32.85827621180238
11047,Beagle,14,small,Male,26.596514738894154,25.667818060611534
20755,Pomeranian,8,small,Male,30.856974032900695,32.112813156310125
14163,German Shepherd,11,large,Male,26.852487644892605,32.68795176319262
7349,Bulldog,8,medium,Female,25.070214009534336,26.046419668289307
19624,Chihuahua,7,small,Male,25.798188457523075,29.884421540207853
21788,Great Dane,6,large,Female,23.866553243308207,27.57670045733768
1437,Beagle,13,small,Female,23.883184640005513,29.606499654490094
16567,Doberman Pinscher,9,large,Female,24.166366779297864,26.61431520892593
11620,Beagle,13,small,Female,28.7738035068976,33.730445793366634
20276,Great Dane,6,large,Female,24.417265389005248,35.02543926697916
16392,Pomeranian,12,small,Female,26.31737177774096,29.421744842612817
17668,Poodle,3,small,Male,24.519101241328723,31.08183727533484
19980,Dachshund,13,small,Male,27.234028992990194,31.159811388215907
10977,Doberman Pinscher,1,large,Male,29.79517881594337,25.199330836033358
18117,Siberian Husky,11,medium,Male,27.980125791891886,25.36852189565598
15783,Dachshund,9,small,Male,30.957381074753854,28.433946422699382
4549,Bulldog,13,medium,Female,22.250306660655276,28.38995177014655
20661,Doberman Pinscher,9,large,Male,27.30092361316319,26.570936030218267
7381,Pomeranian,15,small,Female,30.06051250996951,32.02053523272518
6033,Maltese,6,small,Male,28.666618926793973,31.659290238364964
1215,Border Collie,7,medium,Female,30.331948047928204,32.372534902210035
3380,Doberman Pinscher,13,large,Male,27.506398273671664,29.833658428106062
11153,German Shepherd,9,large,Male,29.87440599647541,32.79823105330778
2803,Poodle,7,small,Male,25.933613799760458,26.66039218570871
16846,Labrador Retriever,5,large,Female,28.93553960096452,30.770482458156156
3765,Doberman Pinscher,12,large,Male,26.13837193657999,31.123002730504012
11092,Great Dane,12,large,Female,27.948525026143468,29.485068604293016
4362,Boxer,4,medium,Female,24.98635488268631,35.62929201838705
13521,French Bulldog,15,small,Male,29.83423632200426,28.778153780523265
21765,Yorkshire Terrier,10,small,Female,29.02283264260381,29.94789322578965
14425,Shih Tzu,5,small,Female,23.312236969512277,31.7703374372619
10590,Dachshund,4,small,Male,28.034128780298563,30.817679644595383
2006,Siberian Husky,15,medium,Male,24.839145097914283,35.57514404037451
17738,Pomeranian,15,small,Male,29.487691751155616,28.54223638256366
5553,Pomeranian,13,small,Male,24.58970817189362,29.644113497476706
8930,Dachshund,14,small,Female,26.24840948095596,34.597699582830636
9982,Bulldog,13,medium,Male,30.171156751081327,32.13568930420587
13039,Great Dane,13,large,Male,24.795017482706346,32.90186016942155
22698,Siberian Husky,9,medium,Female,28.179049740090555,33.59425937103059
23757,Boxer,4,medium,Female,26.99800059310257,33.34128037638131
3674,Boxer,5,medium,Female,25.149081558450927,29.231155089619303
21021,Pomeranian,4,small,Female,24.366529104477163,31.61767914504829
2236,Siberian Husky,7,medium,Female,24.14730551680968,27.896098821060182
7797,Doberman Pinscher,3,large,Male,26.945998950325805,32.573227329815396
5291,Great Dane,5,large,Female,30.80565903148928,27.061610405173525
24987,German Shepherd,2,large,Female,23.656227370059927,26.119266607855682
6274,Poodle,4,small,Female,25.341476862252065,26.33119881855245
20611,Golden Retriever,6,large,Male,27.28304685662704,35.1276151886409
20855,Chihuahua,4,small,Male,30.146133374047245,31.65510493762009
17568,Rottweiler,12,large,Male,30.301021421134237,29.483170055926543
3617,Siberian Husky,12,medium,Female,25.518388160037432,25.246500698394104
20349,Bulldog,9,medium,Female,28.977438353782084,26.868894288979387
12844,French Bulldog,11,small,Female,23.837990330286793,35.85486453383114
7641,Rottweiler,1,large,Female,28.00466033941707,26.63220738456422
2954,Labrador Retriever,10,large,Male,30.801989127832215,26.02314551250907
22842,Great Dane,6,large,Female,22.025263727537286,26.525271352321774
17665,French Bulldog,2,small,Female,22.32474270954215,34.47128209163685
8117,Shih Tzu,8,small,Female,24.334542273488154,34.61514972801005
24610,Shih Tzu,10,small,Female,27.65478067853026,28.49862637235607
23164,Chihuahua,15,small,Male,27.53319255941934,27.782694300657607
20629,German Shepherd,14,large,Female,22.45122051802989,32.754968016312006
20941,Siberian Husky,11,medium,Female,24.837448242774883,27.49711564615566
20224,Border Collie,9,medium,Male,24.77299856710653,26.40321289196562
18852,German Shepherd,15,large,Female,25.8530818400504,30.367443396789042
23385,Beagle,4,small,Female,24.339937756647192,26.715239425661284
9486,Chihuahua,9,small,Female,24.869170125656872,29.727464726449384
15477,Siberian Husky,2,medium,Male,29.065752527989424,27.961480272316464
20731,Labrador Retriever,15,large,Male,30.32001182825399,33.19099080870551
8187,German Shepherd,6,large,Male,30.494856857059347,32.28291201730657
12331,Poodle,12,small,Female,25.834548963407766,33.80011649363203
13711,Yorkshire Terrier,3,small,Female,28.696437390526786,29.252088589787565
21228,Chihuahua,7,small,Female,25.436977362597666,33.267648089944146
6428,Australian Shepherd,4,medium,Male,23.764464363448145,32.37776286277001
19495,Chihuahua,5,small,Male,29.788991762667614,26.2488570675077
23904,Great Dane,4,large,Male,28.75888710673801,29.18097708497165
20275,Maltese,3,small,Male,27.37925285072929,34.31795986309375
23802,Poodle,1,small,Male,23.48391109872434,34.88402818519918
10008,Boxer,9,medium,Female,26.978236870012122,33.687722701064914
9975,Labrador Retriever,4,large,Female,27.4632714605017,26.5034606581512
1769,Dachshund,11,small,Male,24.941314220485676,32.92336243676037
7859,Bulldog,9,medium,Female,28.175071703798423,33.501644497162616
14732,Pomeranian,10,small,Female,25.033371010348365,25.90447577578814
6625,Bulldog,7,medium,Female,27.715713594823967,29.469179263383783
24513,Poodle,3,small,Male,26.69551949250818,31.68858359651426
23301,Great Dane,11,large,Male,29.572376155508312,25.36946634579055
10332,Labrador Retriever,15,large,Male,29.023250596646356,32.35913883694822
10546,Australian Shepherd,11,medium,Female,23.075047892930414,31.594175437529195
18147,German Shepherd,7,large,Male,22.145327212314633,33.59133677101055
21787,Great Dane,11,large,Male,25.514891536340585,34.190428382429744
11857,Shih Tzu,7,small,Female,25.258615296174774,32.47707249230691
14946,Shih Tzu,8,small,Female,30.443509122105617,29.677984128118325
18598,Poodle,11,small,Female,23.932376687452923,31.963309589336056
13254,Chihuahua,4,small,Male,22.4302624723302,32.04042211991263
1762,Chihuahua,6,small,Male,27.33060389388509,25.038850617703424
21285,French Bulldog,1,small,Male,23.95227886950857,30.41242081545463
11728,Rottweiler,9,large,Male,22.860501034023443,33.812206734354945
17325,French Bulldog,3,small,Female,24.743711429126854,33.233749009555105
11540,Golden Retriever,7,large,Female,22.953896487639245,33.416810201889405
21395,Siberian Husky,9,medium,Female,27.601509515430166,29.972232482940367
3829,Beagle,7,small,Male,27.4817839017959,35.763067788841695
23120,Pomeranian,14,small,Female,24.777369616907876,28.124740163202837
21051,Boxer,4,medium,Male,25.31675224311774,29.580913059566555
24641,Chihuahua,5,small,Female,22.221054719957465,31.87419599150634
7262,Doberman Pinscher,12,large,Male,26.405627033647992,32.80908451069253
24516,German Shepherd,13,large,Female,28.924219065238802,27.252494849770216
7758,Yorkshire Terrier,6,small,Female,27.721635613236568,31.39867607025849
13601,Chihuahua,8,small,Female,28.457204885032017,25.558298146355778
22803,Beagle,3,small,Male,27.904793105063902,35.34815562371529
16890,French Bulldog,2,small,Male,23.530979867627657,30.42562685118751
24571,Great Dane,9,large,Female,27.432482791590367,25.506234751231073
21011,Maltese,3,small,Female,29.930058103170058,30.791868786406198
18844,Maltese,4,small,Male,22.928266466307644,28.555684637193817
16590,Pomeranian,4,small,Female,27.825535569905647,30.286201496526598
2420,German Shepherd,10,large,Female,25.121465174494706,30.97083261637586
7185,Poodle,4,small,Female,22.78574573831887,25.23339889257091
4975,Chihuahua,11,small,Female,24.44617688846663,26.664621065721654
24536,French Bulldog,10,small,Female,24.762343890890612,26.898077400904278
13744,Rottweiler,1,large,Male,28.000504761597817,31.153038670844804
4274,Pomeranian,14,small,Female,22.102327494160964,32.74418127182081
19058,Dachshund,2,small,Female,26.56153618247678,26.095202059052777
13456,Rottweiler,12,large,Male,23.635319027262938,27.50294194531359
8841,Border Collie,11,medium,Female,22.278982301411784,27.17370606615035
18706,Bulldog,8,medium,Male,24.328918411936026,27.897919258641334
6035,German Shepherd,4,large,Male,29.16871719568755,32.25883146813259
19327,Maltese,14,small,Male,22.033501502902137,30.3732134292358
1371,Bulldog,9,medium,Male,30.571040902506745,28.75741729476529
19433,Beagle,1,small,Female,28.652389977396798,29.467867027692364
2830,Yorkshire Terrier,10,small,Female,28.730661920914592,27.417010321988613
6708,German Shepherd,15,large,Female,28.40764559908353,29.041656386944695
18231,Border Collie,9,medium,Female,26.39953511258023,27.00692204607504
7245,Bulldog,5,medium,Male,27.633181508179764,35.08274094139508
17475,Pomeranian,10,small,Female,22.222336112751776,26.260446088259446
5117,French Bulldog,15,small,Male,27.112598383066086,32.66714495597483
24348,Yorkshire Terrier,6,small,Male,22.668680106797023,30.281736060623253
9141,Dachshund,9,small,Female,23.01790152103097,30.2517816704227
21181,French Bulldog,13,small,Female,23.84254187527277,34.01795581066417
2302,Chihuahua,14,small,Male,28.803971294316284,26.4475939040867
13314,French Bulldog,3,small,Male,25.85637684714458,32.896331538902714
16157,Golden Retriever,5,large,Male,28.63215748222961,27.66430850926693
19165,Doberman Pinscher,12,large,Female,22.546409323965822,27.04255082957226
5499,Australian Shepherd,2,medium,Female,28.148879658947564,32.45955827542632
17796,Beagle,1,small,Male,24.57081757394869,34.520996156213556
12193,Golden Retriever,8,large,Male,23.09732061054549,28.13914510864039
5052,Doberman Pinscher,1,large,Female,22.93431410970375,33.085404290057745
22916,Poodle,11,small,Male,27.799416360522343,31.18610778704891
16702,Boxer,15,medium,Male,24.24365567417457,30.888500424425196
17190,German Shepherd,13,large,Male,30.47562453135532,27.344686066223517
21827,Siberian Husky,5,medium,Male,28.31936189799134,28.491319248227352
1033,Beagle,7,small,Male,28.089935855522544,31.949810130963954
17952,Pomeranian,15,small,Female,27.426694356426747,29.104441957640823
24205,French Bulldog,8,small,Female,24.39883958532687,32.3237892072248
21419,Boxer,4,medium,Female,27.678860655391734,32.58107035844481
16838,Great Dane,3,large,Female,23.662717537078326,33.45303905828353
8331,French Griffon,4,small,Male,22.622950774346407,31.195345895714638
18519,German Shepherd,9,large,Female,25.351486776344707,32.712972524595955
9207,Maltese,5,small,Female,23.842713424801083,26.523091570191646
9090,Beagle,5,small,Male,25.091191363418694,26.954383288840337
3506,French Griffon,10,small,Female,28.08838274965911,33.9271687894812
11489,Border Collie,8,medium,Female,25.02786783548952,27.334906070791533
7263,Pomeranian,3,small,Male,29.25453539995594,34.67249085013134
13707,Great Dane,14,large,Male,30.48989236859466,33.8978352144418
24157,Siberian Husky,15,medium,Male,30.93853191471046,25.662969176540233
23878,Boxer,12,medium,Male,23.54897049458143,28.02136495109343
2510,Chihuahua,14,small,Male,27.460628397603113,34.469686777813266
13363,Australian Shepherd,1,medium,Female,29.14634054155494,25.962167351967594
21167,Labrador Retriever,13,large,Male,23.417183730976326,29.61634424259713
14798,Rottweiler,4,large,Male,30.723665946499352,34.92541152205608
23324,Dachshund,10,small,Male,22.2949810392854,25.616820732349918
21569,Great Dane,8,large,Female,30.34926733968628,25.160778782498245
8890,French Griffon,11,small,Male,27.75875408653777,25.323324740908273
15831,Labrador Retriever,1,large,Female,29.738893067501987,31.965385435352893
13866,Border Collie,12,medium,Female,22.96086664478663,31.425396228081535
11548,French Bulldog,5,small,Female,28.333993820378833,28.74416992309688
3515,Dachshund,11,small,Male,29.624554685864695,30.551451963656724
5362,Boxer,2,medium,Female,25.4029491078884,29.120098274741082
13302,Poodle,4,small,Male,22.435085026653695,25.40737583656184
22241,Labrador Retriever,9,large,Female,27.518187655461148,34.91934422560682
10140,French Griffon,3,small,Female,24.18417748827466,31.26369633512486
3107,Bulldog,5,medium,Male,24.894133832526503,32.38013346895518
24225,Chihuahua,5,small,Female,27.243728446505013,26.413717639342842
15105,Doberman Pinscher,2,large,Female,30.913990823294327,27.756444807747304
8949,Boxer,8,medium,Female,30.42660479785114,33.843678823040186
4658,Labrador Retriever,7,large,Female,30.47653916378729,30.55473231750443
13738,Shih Tzu,5,small,Male,27.544852709401574,34.36569044101754
21001,German Shepherd,9,large,Male,22.987551566845166,35.147057658079994
21909,Beagle,4,small,Male,28.754240129760078,28.439339797174398
11601,Chihuahua,1,small,Female,26.713260391556545,31.968070349415118
11453,Australian Shepherd,6,medium,Female,26.24720340175964,33.11315278080792
19574,Bulldog,8,medium,Male,25.546405501640784,33.969914226318224
3094,Dachshund,1,small,Male,28.481303208377888,26.25630962110496
7274,French Griffon,5,small,Female,24.51269727261121,34.90130734212602
7419,Doberman Pinscher,13,large,Female,26.727343686154953,30.65445493106656
13032,Golden Retriever,13,large,Male,25.999615120080488,28.726060992583992
15043,German Shepherd,9,large,Male,23.546592280907017,35.546280816028116
6455,Siberian Husky,6,medium,Male,30.64471993547474,27.00550270122086
9367,Great Dane,10,large,Female,23.777277698129318,27.89795098051272
20667,German Shepherd,15,large,Female,25.583724105921856,27.76356901212444
4567,Pomeranian,3,small,Male,29.82095779306782,27.432206276998055
4084,French Bulldog,7,small,Male,24.138150665869404,33.60047737999167
10658,Golden Retriever,10,large,Male,30.03128406252327,32.00871218278293
24612,Beagle,8,small,Male,23.976695950700222,26.635365625721434
7206,Labrador Retriever,2,large,Female,28.21980196251541,26.609450978162965
4442,Chihuahua,15,small,Female,30.399919505819827,35.620313326189915
12558,Bulldog,1,medium,Male,27.86034145196284,31.29495802157777
10548,Pomeranian,13,small,Male,22.880202223688215,35.46167955241398
21584,Yorkshire Terrier,10,small,Female,25.372513974192874,34.65998403955392
1201,Shih Tzu,10,small,Female,23.532832120301027,29.97393284366286
14867,Doberman Pinscher,5,large,Male,23.09950643527432,27.88781233005351
13710,Border Collie,4,medium,Female,26.950880690811363,35.13439591748996
13756,Shih Tzu,9,small,Male,29.985377795372337,29.93761339962768
10674,Golden Retriever,1,large,Male,24.902665026488794,29.237072673869378
3740,Great Dane,9,large,Female,30.123489798421833,34.21540576165401
5958,Pomeranian,2,small,Male,26.019031487589828,30.00768806048461
11627,Rottweiler,8,large,Female,30.547116642921846,30.888355806166373
24961,Beagle,8,small,Male,29.67686470119728,31.50681475479613
4944,French Griffon,11,small,Male,29.780905908528027,32.413550810803095
22044,Great Dane,12,large,Female,22.897830154540276,26.958652795957942
7969,Great Dane,9,large,Male,30.995192373742157,35.38877744153508
22660,Siberian Husky,6,medium,Male,22.5753212146397,27.832401746371133
14670,Siberian Husky,15,medium,Male,22.104706393154743,27.306673908326992
5074,Bulldog,5,medium,Female,29.09472381519347,28.641756995099325
2216,Bulldog,14,medium,Male,29.70676327144035,27.953158963860453
13689,Shih Tzu,7,small,Female,22.997808468535496,33.8429961385791
19424,Australian Shepherd,11,medium,Male,26.397031252826064,28.17182424800998
6857,Siberian Husky,7,medium,Male,25.196482680072393,28.2426676314127
24751,Poodle,14,small,Female,26.08873343839226,35.836182848232596
6196,Border Collie,4,medium,Female,25.386094946235204,29.190925362424313
16281,Siberian Husky,6,medium,Male,25.959777092969087,30.343565888672025
6101,Bulldog,6,medium,Male,22.656577748042192,27.463386560346922
19875,Chihuahua,8,small,Male,23.620065026423358,27.070971621254735
18581,Poodle,2,small,Female,28.39438317722468,27.23072921867511
9029,Poodle,14,small,Female,22.614042314749824,34.88828962763243
8317,Australian Shepherd,9,medium,Female,28.205937265355182,28.0823367316659
20965,Bulldog,13,medium,Male,30.54313624903672,30.46677199576157
24401,Border Collie,3,medium,Female,28.570823243071317,27.238516249045542
5999,Border Collie,12,medium,Female,25.99708822404576,28.331744377322206
21342,Border Collie,2,medium,Female,28.72064668996797,30.83190552801645
2045,Golden Retriever,6,large,Female,23.498619705181273,30.37284425474448
1581,Poodle,6,small,Male,22.260236211268946,29.0981732731945
23480,Chihuahua,7,small,Male,22.836493191763154,29.055949096350105
8050,Doberman Pinscher,12,large,Female,27.284040233961264,26.752451827405466
7288,Bulldog,5,medium,Female,29.164488421037472,28.914348785146768
18781,Chihuahua,7,small,Male,29.66164849733628,31.410481176343147
6959,Maltese,8,small,Male,23.82410565424008,30.190690652088556
8606,Labrador Retriever,8,large,Male,27.64043523198852,26.0141808635696
17354,Labrador Retriever,13,large,Female,29.697167236071316,31.19254491589002
2025,German Shepherd,11,large,Male,26.204078090123886,27.89234220896219
7606,German Shepherd,7,large,Female,26.684440556534007,26.090619502714986
14960,Maltese,12,small,Male,24.228545048437507,29.074188694908052
12768,Great Dane,11,large,Male,22.170823951416647,26.96297040053069
18558,Dachshund,15,small,Female,28.038965919969506,31.166959624809593
4977,Chihuahua,5,small,Male,22.805031474374005,30.939079995634437
24033,Boxer,15,medium,Male,30.71854415938594,25.316453528203635
22274,Maltese,6,small,Male,25.73851254232163,27.78891193676169
3250,Australian Shepherd,3,medium,Female,22.396775650140547,33.5318647976174
23061,Beagle,13,small,Female,23.46898528445316,31.96818799930873
15897,Poodle,9,small,Female,26.19230002083912,32.62105238124913
16568,German Shepherd,1,large,Male,24.374300674119933,33.215890975884804
7112,Yorkshire Terrier,10,small,Male,27.681665690132313,26.869235122765488
3131,Great Dane,15,large,Female,25.02932581609998,31.392372708085343
12891,Boxer,11,medium,Male,28.916733342837063,33.90217323334032
9548,Golden Retriever,9,large,Male,27.45721619964548,26.37830968394838
21565,Border Collie,7,medium,Male,26.17566074536647,29.185132674840506
23234,Boxer,2,medium,Female,29.1885657074115,30.933874571512924
15094,Labrador Retriever,8,large,Male,24.04324976481842,25.29126941111241
19536,French Griffon,11,small,Female,30.962240783819816,29.40385006732217
4283,Rottweiler,8,large,Male,25.21773864003572,31.02311916403235
17242,German Shepherd,9,large,Female,29.83002179764509,33.95049111775704
11878,Maltese,15,small,Female,24.72620218976418,28.885596427756486
18136,French Griffon,5,small,Male,30.412354351370784,28.555362719866398
23213,Shih Tzu,1,small,Male,26.158639847252037,34.00097783576774
15506,French Bulldog,4,small,Male,27.492761311004603,31.42616582617052
19787,Poodle,8,small,Male,25.09174616637695,35.84172442307178
17998,Maltese,1,small,Male,26.66080189407137,33.61441382452358
13607,Poodle,11,small,Male,30.83312772351752,32.39120984044713
18358,Australian Shepherd,4,medium,Female,25.195572371485923,35.63860853169723
8234,Golden Retriever,9,large,Male,30.223597185459923,26.311421020785463
21291,Dachshund,12,small,Male,30.39399586964597,29.745322676667477
12119,Doberman Pinscher,4,large,Female,30.165486948119092,35.87266119413272
21886,Dachshund,1,small,Male,28.879710629777442,35.32275059785576
10940,Shih Tzu,9,small,Male,26.35657022437932,35.26075698141124
14366,Boxer,6,medium,Male,28.609976758490323,29.24343130538731
20910,German Shepherd,12,large,Female,22.468421444290563,32.63892666079252
13571,Border Collie,2,medium,Female,24.44636093677748,27.97931385156106
3218,Boxer,7,medium,Male,24.6057640895975,26.485986126493593
19304,Rottweiler,12,large,Female,28.462857627541425,28.99616198483704
2622,Doberman Pinscher,5,large,Female,28.28184025831046,35.69260101063756
18977,Siberian Husky,2,medium,Female,28.663833037266322,32.69901611431043
11499,Yorkshire Terrier,15,small,Male,24.085537046613933,30.990649279326046
14526,Shih Tzu,6,small,Female,22.791451462072015,29.522221578092665
7352,Pomeranian,7,small,Male,23.707641402704983,32.02023310238575
4971,Dachshund,15,small,Female,22.64087989534558,26.514793585108677
8126,Labrador Retriever,15,large,Female,28.027278431554834,26.24802730345482
10802,Border Collie,3,medium,Female,27.14788434765605,29.770977798671
4240,Australian Shepherd,14,medium,Male,23.160145219760444,26.682637374132337
20798,Australian Shepherd,9,medium,Female,28.54588092693028,30.752119019037703
10746,German Shepherd,13,large,Male,28.799354228760336,34.56173672200761
23271,Boxer,2,medium,Female,30.15397851338167,31.449078725468752
22838,Shih Tzu,5,small,Female,25.29655682995457,35.980250337344955
10323,Doberman Pinscher,4,large,Male,28.0663510964598,27.91971711099086
2344,Yorkshire Terrier,7,small,Female,25.798769702839,25.501199598116123
20206,Doberman Pinscher,1,large,Male,28.437978831586584,29.415716069270587
22658,Australian Shepherd,12,medium,Female,22.091393780381388,32.4907758675788
4104,French Bulldog,5,small,Female,22.301729697873892,30.43226188814065
2762,Labrador Retriever,11,large,Female,27.370455948128004,27.83518922680493
7652,Australian Shepherd,15,medium,Female,27.79198925971359,27.702712471106334
3873,Chihuahua,4,small,Female,22.77743489110262,26.664878214320566
11688,Border Collie,6,medium,Female,27.230158880029432,34.908303798891055
7099,Rottweiler,8,large,Female,24.54629426226299,31.042785991591753
20344,Siberian Husky,7,medium,Male,28.5642136027514,27.865165460206804
1296,Poodle,3,small,Male,29.752456083539222,32.120272361722236
1839,Dachshund,8,small,Male,26.025294717252553,27.652449059718187
6024,Golden Retriever,8,large,Male,28.096086161161853,34.849794608660055
15674,French Bulldog,8,small,Male,29.823957511607638,35.557396906995706
18235,Chihuahua,10,small,Female,26.40824269957401,26.29740051338101
18368,Yorkshire Terrier,6,small,Male,24.187726875906087,25.96411970087006
17724,Boxer,10,medium,Female,24.39798949837331,31.852361661699618
8083,German Shepherd,8,large,Male,26.000592128905733,30.08092380995408
10309,Dachshund,2,small,Female,29.361455897536878,26.889926053773742
9779,Border Collie,5,medium,Male,23.61079839850705,31.49487160648796
7556,Australian Shepherd,2,medium,Male,24.914419441683705,25.336074636280145
14344,Border Collie,14,medium,Male,28.22572062721429,35.23355031884518
18888,Beagle,4,small,Female,24.905684643140606,29.287915785375485
20700,Great Dane,9,large,Male,22.538304516956735,34.69532491219947
19265,German Shepherd,15,large,Male,25.726088102911454,28.835295991540452
6223,Pomeranian,15,small,Female,30.726715234307562,34.644134101856515
23529,Maltese,5,small,Female,22.728818302337256,34.95107748750627
12706,Poodle,6,small,Female,30.094906582199336,27.246033019925544
1366,Golden Retriever,13,large,Female,22.249640908586695,30.78671150293871
19292,Chihuahua,11,small,Female,28.29831543935067,26.03354069711055
13950,Pomeranian,12,small,Male,30.675040115901446,32.81441234703808
9332,Pomeranian,14,small,Male,22.460776558925904,30.405161551937873
19466,Border Collie,8,medium,Female,23.496831588374015,35.2206689331899
13909,Beagle,1,small,Male,26.908001593445398,32.493393772832384
3874,German Shepherd,12,large,Male,25.325952492714823,30.64701086754924
12432,German Shepherd,15,large,Male,24.03124124334491,35.564540672027995
17901,French Griffon,6,small,Male,30.724595626927048,25.635054360612603
10772,Labrador Retriever,9,large,Male,30.81988941820697,33.97989488534495
4864,Shih Tzu,1,small,Male,24.181504295713616,35.61548556653511
23075,Shih Tzu,14,small,Male,30.361161143899658,27.177850680213908
4174,Great Dane,12,large,Female,26.69382206098062,32.09036232981235
6571,Great Dane,8,large,Male,25.708624675342303,33.00013247264498
2801,Boxer,5,medium,Male,25.08425315985568,34.68014961593195
2007,Shih Tzu,3,small,Male,30.39899498585444,35.16017392594315
4464,Pomeranian,2,small,Female,29.502995084387262,30.218691620980195
19708,French Bulldog,11,small,Male,30.615124353856327,31.223592082043556
15348,Dachshund,7,small,Male,25.655792080918587,33.66582439398506
7858,Australian Shepherd,3,medium,Male,22.756743975862804,31.92877447967725
12187,Doberman Pinscher,3,large,Female,26.214416927905617,28.729141696803318
4297,German Shepherd,1,large,Male,27.59113869415087,28.321368674039373
18644,Australian Shepherd,11,medium,Female,30.627428076703275,28.32826463106454
2296,Rottweiler,11,large,Female,25.20499339743378,35.80956203507162
12562,Border Collie,3,medium,Male,25.213714836599888,25.129356339664483
18618,German Shepherd,6,large,Female,26.399780870842484,33.15277181853136
11725,Labrador Retriever,3,large,Male,30.129327026666836,29.61200103366816
13934,Boxer,12,medium,Female,28.219830319920952,31.785134240554672
12463,Boxer,5,medium,Female,30.52348741596929,27.853375090639076
4519,Doberman Pinscher,14,large,Female,24.20550712386168,35.5512737781805
1719,Beagle,2,small,Female,24.20194281792638,26.614742844434293
8763,Rottweiler,7,large,Female,24.304055955053528,34.09165946250721
13029,Labrador Retriever,10,large,Male,26.763353557583926,27.08289896642703
2284,Poodle,13,small,Female,22.590277174467566,32.31378950575625
22541,Golden Retriever,7,large,Male,29.067970815029966,32.687461256196706
14156,Rottweiler,1,large,Female,30.062113996438434,33.58947980264319
3306,Australian Shepherd,8,medium,Female,27.354547245454008,29.770873320320877
6325,Rottweiler,15,large,Male,26.76322154207905,27.864742730158316
22863,Dachshund,4,small,Male,24.546843739224393,26.90622101065159
24570,Rottweiler,6,large,Female,28.941519990355797,30.804681281799603
19002,Australian Shepherd,3,medium,Male,26.815981784533292,33.54230309041726
5788,Australian Shepherd,2,medium,Female,27.109305951256527,27.099258533201848
10811,Pomeranian,9,small,Female,24.93361498005565,32.36138595738198
15302,Golden Retriever,4,large,Female,22.114833835532142,32.28346659054856
2435,French Bulldog,10,small,Male,30.55635755860078,34.01422211171821
19963,Siberian Husky,14,medium,Female,28.813284950403478,29.237488042630996
17076,Great Dane,2,large,Male,26.519308251497765,33.888009346266585
23006,French Bulldog,4,small,Male,29.07823398272072,25.580078899588827
24399,Labrador Retriever,7,large,Female,29.00079539609716,25.560760008467046
16963,Maltese,15,small,Female,25.25931005119667,33.18290540575913
24133,Yorkshire Terrier,3,small,Female,29.196012949246946,25.331289604331758
10622,Siberian Husky,8,medium,Female,24.301212768829643,35.03629279445924
23931,Border Collie,3,medium,Female,30.74947712615959,25.54734793247209
20992,Poodle,10,small,Female,30.20359740136373,33.78021797554408
12164,Maltese,5,small,Male,28.825881751872227,32.11143560008293
24079,German Shepherd,11,large,Male,23.007849285658867,32.03502295825253
24447,Great Dane,13,large,Male,27.284317421522875,29.289213772579625
4981,Labrador Retriever,4,large,Male,29.20248993241927,35.2438130274503
20251,Doberman Pinscher,11,large,Female,25.964540536814813,34.6501171109511
23908,French Griffon,2,small,Female,26.123232591159468,27.250146909970056
6306,French Griffon,5,small,Male,28.57081078085209,29.53881310909108
22427,Bulldog,5,medium,Female,28.255138272017497,25.693464893151873
1879,French Griffon,12,small,Female,22.46391881161584,29.389752022262947
4533,Bulldog,3,medium,Male,22.259756728014104,30.168646314141757
12321,Yorkshire Terrier,13,small,Male,23.37146598701524,25.883025249738076
7091,Yorkshire Terrier,6,small,Male,22.894904956849548,27.870927071573057
8045,Boxer,1,medium,Male,27.613263327143102,25.27350516483593
11769,Maltese,11,small,Male,28.55683852534364,27.954767489207267
1860,Yorkshire Terrier,14,small,Female,22.766405846025375,28.20720057425938
10743,Doberman Pinscher,4,large,Female,25.186047855488113,34.12468863702635
17855,Pomeranian,5,small,Female,30.34029208739676,34.429037343922495
2418,Pomeranian,15,small,Female,22.00361802328494,28.628022540508454
13581,French Griffon,10,small,Female,27.557358471253362,33.070285673663605
10386,Rottweiler,2,large,Female,23.83074096171832,28.723647773553598
16811,Shih Tzu,3,small,Male,26.555560620699342,30.51998803154182
9388,Shih Tzu,11,small,Female,25.84508133266216,34.261231740082984
9687,Chihuahua,11,small,Male,27.02697729047195,27.42525047990002
7451,Maltese,9,small,Female,25.396833671885755,28.78104809233025
8530,Poodle,4,small,Male,27.322624637122516,29.137555111343495
11500,Poodle,8,small,Male,23.25526241988601,25.864314670405797
12966,Pomeranian,13,small,Male,25.320544020621206,30.647196847854055
16789,German Shepherd,9,large,Female,25.755525464485732,26.878470271937843
13753,Pomeranian,14,small,Male,30.174236506356472,34.865872443097274
9451,Beagle,7,small,Female,26.948822096850606,31.51131614274213
19396,Dachshund,15,small,Female,23.259982747151184,33.050913690430605
1465,French Griffon,15,small,Male,28.635407760764387,30.32788156393935
5133,Labrador Retriever,11,large,Male,27.037066160971797,34.30830792169776
18998,Shih Tzu,15,small,Female,22.747408646315396,31.053601350445206
11127,Golden Retriever,1,large,Male,28.9632296541867,27.9637807936409
11118,Yorkshire Terrier,5,small,Female,23.441317437286266,33.86193244630902
12471,French Griffon,14,small,Male,29.710980594456895,34.45201577957214
8675,Doberman Pinscher,5,large,Female,27.43867295556133,30.91934554330725
15323,German Shepherd,12,large,Female,27.489519427039625,31.58776777204366
3457,Doberman Pinscher,11,large,Male,22.986943021662427,35.97951728664334
18366,French Griffon,13,small,Female,25.911956557834028,27.445061111110462
19001,Great Dane,12,large,Male,22.098983417704908,25.52391365191551
13137,German Shepherd,12,large,Female,26.81867331187385,25.70821699964548
20975,Shih Tzu,9,small,Male,22.027238628340726,30.62836981072102
21622,Shih Tzu,10,small,Female,23.84725759793014,27.229204163443036
18228,Poodle,12,small,Male,23.20776388002154,34.45378342459326
7634,Pomeranian,6,small,Male,27.727493711180593,34.75274845807995
11917,German Shepherd,1,large,Male,24.498648301188695,28.73670578457368
9082,Siberian Husky,14,medium,Male,26.4981322240791,33.826224125347366
11062,Yorkshire Terrier,12,small,Female,29.645353230524144,26.40266439388436
18175,Labrador Retriever,14,large,Female,26.751824448370577,25.29278367201956
11829,Yorkshire Terrier,1,small,Female,28.76456534265621,34.6750504990793
7718,Siberian Husky,4,medium,Male,22.625992610610588,30.830303543812196
22894,French Bulldog,12,small,Female,25.86130607249738,27.54658260908295
8406,Boxer,13,medium,Female,29.92969638531565,32.092876907195176
12921,Dachshund,7,small,Female,22.147378359063385,32.27694924211953
19901,Doberman Pinscher,14,large,Female,28.754004441680014,34.84101649084569
12402,Maltese,7,small,Female,24.845870591872362,30.265733330591583
24443,Rottweiler,12,large,Male,22.22384628334638,31.462902886726432
13438,Bulldog,13,medium,Male,30.647454486017097,25.467116487071312
16787,Border Collie,9,medium,Male,22.977302178312954,30.802598247531872
12051,Yorkshire Terrier,3,small,Female,28.583230810511754,35.80124410336609
5457,Dachshund,7,small,Female,27.154583570128715,27.00499579059708
14941,Yorkshire Terrier,3,small,Female,22.62813817389486,34.74295469737178
4050,Golden Retriever,13,large,Male,27.562559418383557,31.91224904812777
24193,Labrador Retriever,15,large,Female,22.363460798199768,34.34242028656499
13773,Border Collie,7,medium,Male,22.810625471689555,31.59348257631389
19661,Poodle,4,small,Male,26.396588960979933,26.457577103015627
24881,Australian Shepherd,11,medium,Male,29.6978785458194,34.91009476926482
6415,Siberian Husky,14,medium,Female,24.74553984674346,26.385648397563685
9869,Australian Shepherd,8,medium,Male,27.543926038308264,28.436810927083517
12420,Pomeranian,1,small,Male,25.943885222157743,34.202582602404064
23553,Maltese,6,small,Female,26.59147920680401,26.610069382260004
10491,Great Dane,4,large,Male,26.335338866570243,34.72977265759833
15001,Golden Retriever,7,large,Male,26.776611821960127,31.88414508864548
13311,Australian Shepherd,15,medium,Male,25.632234206366633,35.99899433629291
2550,Bulldog,10,medium,Female,22.73601423760113,26.34883312268602
6209,Great Dane,7,large,Female,28.54863454763693,25.340890173924798
3180,French Bulldog,2,small,Female,27.342171811150614,34.85216981934116
6113,Shih Tzu,2,small,Male,24.235318175234205,34.45891855188226
2680,Boxer,7,medium,Male,26.8034836763821,30.056611016981265
21967,Border Collie,1,medium,Male,24.772688634374806,31.67736281788325
11307,Poodle,9,small,Male,23.543785792043415,32.977205735707805
18304,Golden Retriever,4,large,Male,27.4595521083102,26.47683072429281
4039,Pomeranian,10,small,Female,22.39160448783358,28.248698442901382
20391,Bulldog,11,medium,Female,22.45838607746285,34.118893701810734
20226,Maltese,7,small,Male,22.423054901644907,31.53727010161656
2651,German Shepherd,9,large,Male,23.843735881664788,29.230804332502196
11192,Bulldog,15,medium,Male,22.382137535674982,25.30093269386454
16616,Doberman Pinscher,6,large,Female,22.873433048873306,29.76798666218783
3140,Yorkshire Terrier,15,small,Female,25.27957285499052,35.67657549453454
12130,Yorkshire Terrier,2,small,Female,29.308424227650082,30.594324619235614
16208,Great Dane,8,large,Female,28.074618928760543,28.07431199062664
5094,Chihuahua,5,small,Female,25.80169594344646,27.188133403390108
10259,Maltese,1,small,Female,30.308154444954454,32.788902109704125
19372,Border Collie,2,medium,Female,28.935846727584533,27.886273445325713
16025,Siberian Husky,11,medium,Male,25.89614886387897,32.75614579794171
3096,Beagle,14,small,Female,26.841375648467263,31.98941138158729
6230,Yorkshire Terrier,15,small,Female,27.271010579600674,27.365061748218427
4312,Boxer,11,medium,Male,24.125615171145004,32.78446824238934
15855,French Griffon,15,small,Female,26.93540581394329,29.991438136630016
18420,Maltese,10,small,Male,26.239621966324517,29.270234566991107
21420,Boxer,12,medium,Male,24.11506210701957,26.73952579411173
12783,French Bulldog,8,small,Male,23.640315328375106,32.473546089410185
11040,Labrador Retriever,8,large,Female,26.673762021510612,27.541773383523957
23649,Labrador Retriever,1,large,Male,26.266809737387675,25.187619558651054
15140,Pomeranian,11,small,Male,23.390498939946323,29.584985081223806
6709,Labrador Retriever,10,large,Male,26.613484085183433,26.71846950963215
3139,Siberian Husky,12,medium,Female,29.99455634536682,27.747879754704154
19056,Yorkshire Terrier,4,small,Female,27.196420138335846,32.616861412667625
22479,Doberman Pinscher,2,large,Male,23.6741606333283,34.61076924700398
15702,Rottweiler,3,large,Male,27.976709299416928,34.226777750284974
23882,Siberian Husky,12,medium,Male,27.115439213091307,29.20056092335954
20185,Labrador Retriever,12,large,Female,30.122387937973215,32.622716703510065
7772,French Bulldog,4,small,Female,24.726336472854122,33.70701197588953
19034,Pomeranian,8,small,Female,29.043369915806732,31.496782471404536
16144,Chihuahua,3,small,Male,27.566820941584048,30.363762228071675
12707,Golden Retriever,4,large,Male,23.354360368008642,31.983045121826002
19301,Australian Shepherd,12,medium,Female,23.620002377067628,32.483355018447284
1612,French Griffon,1,small,Male,25.52667596791217,33.577304303169285
14424,Siberian Husky,11,medium,Male,23.955114895031727,34.9343483223301
6057,Doberman Pinscher,15,large,Male,22.755578576321252,34.887821666609184
1689,Labrador Retriever,4,large,Male,29.430426809665455,35.474820428690066
11384,Chihuahua,14,small,Male,29.011821349925363,25.801220105212156
14029,French Griffon,9,small,Female,22.931024878370103,34.80312223185227
19426,Golden Retriever,5,large,Female,28.119514641931637,35.13899062703189
20516,Boxer,7,medium,Female,24.732164875512858,26.68974235719167
14254,Border Collie,4,medium,Male,27.190937000414355,30.07089658843995
8172,Chihuahua,10,small,Female,22.0450114791945,25.681299631055346
10711,French Griffon,15,small,Male,29.510658346160408,29.57930308176529
4202,Bulldog,4,medium,Male,29.042849789953895,26.451231032908687
13567,Labrador Retriever,3,large,Male,23.01105374816257,29.780304421237126
4922,Siberian Husky,6,medium,Female,23.71800428295784,34.64952868182532
16105,Great Dane,14,large,Male,24.17404916618005,33.713028430652045
16372,Labrador Retriever,9,large,Male,27.5400669507933,28.84371255602572
16681,Rottweiler,12,large,Female,29.101527169312543,33.492808670575535
21318,Pomeranian,5,small,Male,28.144753577030237,28.55897679346557
7826,Poodle,10,small,Female,28.21544530324343,26.41871185911084
15512,Doberman Pinscher,2,large,Male,25.922708373187938,34.43101149519262
22650,Dachshund,13,small,Male,28.343528866244846,25.614475214841438
15280,Pomeranian,13,small,Male,28.62911103545965,32.74215190595261
11786,German Shepherd,13,large,Female,29.54835816231106,25.15129052629912
3533,Boxer,13,medium,Female,28.57631202724352,29.236773748905044
12000,Great Dane,14,large,Male,23.98614059066941,27.74158924631426
7721,Rottweiler,3,large,Male,25.067149492874442,35.98519580740632
6047,French Griffon,12,small,Male,30.607580520531066,30.24605973429859
12854,Shih Tzu,8,small,Male,26.556452918274434,34.641188078528444
23062,Yorkshire Terrier,2,small,Male,25.43451167999906,33.883007520450185
9569,Great Dane,12,large,Female,23.68458950251529,26.898127553102622
4064,German Shepherd,3,large,Male,30.705172519190477,35.92934990964329
24683,Yorkshire Terrier,8,small,Male,26.97562486331941,33.805881289441615
1627,Australian Shepherd,15,medium,Male,25.55048410906202,27.58079986444513
8848,Labrador Retriever,11,large,Male,24.79487235363071,33.15539847337571
12751,Labrador Retriever,9,large,Female,27.853069150704705,28.55303557873284
1358,French Bulldog,1,small,Female,24.56138310571824,33.75407781152836
5408,Border Collie,12,medium,Female,24.06870865199058,25.32987791459412
23806,Rottweiler,15,large,Female,24.295738214936705,31.494881115518453
4721,Rottweiler,4,large,Male,24.38270400596544,26.043479663133283
5979,Border Collie,10,medium,Female,27.810744482670657,32.73921784138419
4733,French Griffon,2,small,Male,29.840359732948475,27.024231021706104
17448,Maltese,9,small,Male,22.415201319163508,30.67393584798606
23304,Golden Retriever,9,large,Male,22.161308885784468,26.118955837463023
20617,Yorkshire Terrier,3,small,Female,29.422597933416693,27.59481452220584
5998,Beagle,15,small,Male,23.007380449526984,25.57028141842665
13332,Shih Tzu,8,small,Female,27.715536743523856,34.62775320830284
15461,Great Dane,11,large,Female,23.57126464932048,27.276997935402793
1188,Poodle,9,small,Male,22.38480177190537,25.883534657378526
20822,French Griffon,4,small,Male,27.38995032437143,35.22646790816351
6800,Yorkshire Terrier,2,small,Female,22.807906087482134,29.79389797052928
1653,Poodle,14,small,Male,23.351192342421747,30.998946913396622
19773,Labrador Retriever,8,large,Male,29.703424918058648,32.579644837327855
2710,French Bulldog,15,small,Female,28.609968121983496,33.73189796379572
18586,Bulldog,10,medium,Female,24.95024514140312,26.292105768355743
12152,French Griffon,11,small,Female,26.200543718924784,32.35067916672424
12254,Bulldog,10,medium,Female,24.967427304383556,33.16761898341541
10505,German Shepherd,13,large,Male,24.261662828934867,31.205506219217266
18216,Chihuahua,8,small,Male,27.563554477841716,34.89359805062259
9497,Rottweiler,15,large,Female,23.64649876821333,30.22547554237286
17227,French Bulldog,12,small,Female,27.092746751266944,28.46571685760926
22040,Pomeranian,10,small,Male,23.617947449522696,35.15661346699534
10605,Doberman Pinscher,4,large,Male,22.539276893516345,27.225696239238538
12511,Chihuahua,11,small,Female,30.163252721205964,27.939776525160212
17346,Maltese,15,small,Male,22.29820909399942,33.30948999949838
19121,Dachshund,11,small,Male,26.974612311185492,27.974595870852813
16378,Pomeranian,10,small,Female,22.974578089063158,29.52641848471895
2932,Beagle,11,small,Male,29.337744567752836,25.59991176455054
18179,Yorkshire Terrier,1,small,Female,27.558022592669516,27.802115877533325
11752,Dachshund,11,small,Male,23.741912001202266,26.882293328932956
23897,Bulldog,9,medium,Male,26.366894440124714,33.55405028070578
14878,Doberman Pinscher,4,large,Female,24.771388651510676,30.509407772839587
18719,Boxer,15,medium,Female,22.50642312861408,27.05660042981856
11770,Maltese,13,small,Female,30.076830171428767,34.39315789382027
20932,Shih Tzu,12,small,Female,27.362112606035716,30.20308636693581
21840,Golden Retriever,12,large,Female,28.935002910478467,34.417798726357745
21583,Bulldog,2,medium,Male,24.40758630220563,27.952435711445982
22462,Pomeranian,9,small,Female,22.864454377868984,25.474676713916914
6158,Boxer,15,medium,Female,22.637975694124854,26.305676421930567
10966,Chihuahua,4,small,Female,30.18497577783135,32.4966638987708
9999,Shih Tzu,6,small,Male,30.9165629531403,27.774896772147198
18220,Golden Retriever,11,large,Male,30.58383874929765,30.33988331645959
18290,Australian Shepherd,5,medium,Male,30.494875698888443,26.606805166974542
10872,Australian Shepherd,1,medium,Male,28.813326949270653,31.12764559505993
22825,German Shepherd,9,large,Female,22.81099570065581,31.854445374002303
21260,Maltese,8,small,Female,27.32873563228999,32.76041948934849
4334,Boxer,10,medium,Male,25.08803676505396,25.707957563958125
5903,Boxer,3,medium,Female,27.307538574075746,28.290744822139487
10620,Chihuahua,9,small,Male,27.141225881754035,31.56383598593392
6926,Dachshund,9,small,Male,28.719852880504252,28.711791222974764
7279,Border Collie,15,medium,Male,30.047204126631087,34.53529021443049
13026,Bulldog,7,medium,Male,28.68919371298862,34.06443126677896
16170,French Bulldog,1,small,Female,22.597831148360772,25.034922673538055
11668,Australian Shepherd,4,medium,Female,28.97658061317678,29.532524106269673
22093,Shih Tzu,3,small,Male,25.340423299582294,26.24789358530832
14749,German Shepherd,9,large,Male,22.629212924603635,26.24980012492652
13797,Beagle,2,small,Male,29.502804438550783,35.71435312436013
19428,Boxer,6,medium,Female,24.344634228958107,35.68844604726764
9538,Rottweiler,13,large,Male,29.34694753086995,25.501048163229285
21208,Beagle,3,small,Female,30.6941398377138,25.306035725079056
20955,Rottweiler,11,large,Male,23.083095070421752,31.7682309650291
18702,Labrador Retriever,6,large,Female,28.04209684111658,32.39361930348538
10184,Dachshund,8,small,Female,27.939764300529994,34.49522137997539
2778,Bulldog,9,medium,Male,24.312515016400145,33.37798103591491
20257,Shih Tzu,14,small,Female,23.176887729694478,33.454109484740215
6830,French Griffon,15,small,Male,30.441813480202484,30.747353368932522
15950,Dachshund,2,small,Male,25.172628128980836,27.722689576338304
14462,Shih Tzu,6,small,Male,27.61576738588104,30.63330744001501
9895,Labrador Retriever,6,large,Male,26.544394304486037,25.417161754135424
23327,Pomeranian,2,small,Female,26.55467107352654,25.922664825473703
13030,Boxer,2,medium,Female,23.520317305001477,29.14439562332167
13804,Beagle,14,small,Female,26.53437237754937,34.13266702447934
11616,Rottweiler,3,large,Male,29.15155073895036,25.967957872983014
2124,Labrador Retriever,4,large,Female,26.420381782684274,26.73611249826029
24022,Beagle,14,small,Male,29.254743737278382,25.388274786732925
18701,Rottweiler,3,large,Male,22.458561433112262,28.614517924603607
4521,Poodle,2,small,Female,28.81379774454136,30.463065461891503
7183,Australian Shepherd,7,medium,Female,24.401737555904734,27.98347433935845
7162,Australian Shepherd,4,medium,Female,27.210138908825066,32.32525971379225
24674,Labrador Retriever,10,large,Female,22.37466757003474,30.499982619010922
21334,Yorkshire Terrier,3,small,Male,26.93630101975287,31.49007303302082
12186,Border Collie,4,medium,Female,25.586948410637298,33.65573101365758
15745,Labrador Retriever,7,large,Female,27.47714565321377,31.943399264372815
15082,Bulldog,15,medium,Female,30.16136874723239,31.937823228140793
13827,Yorkshire Terrier,15,small,Female,22.97410668011873,33.532297160346104
1768,Siberian Husky,7,medium,Female,29.0204430726998,31.86250323341138
21938,Labrador Retriever,10,large,Female,22.76671655753758,25.200070998738965
12435,Australian Shepherd,5,medium,Female,22.120865819937976,26.944718855516758
18616,Yorkshire Terrier,15,small,Male,25.731331088728872,33.73156344475378
4736,Dachshund,6,small,Female,29.6548966353091,29.8342099820548
9512,Rottweiler,4,large,Male,29.42831592057796,26.449263921469168
17922,Yorkshire Terrier,8,small,Male,23.498594294240405,34.10275878640016
12563,Siberian Husky,4,medium,Female,27.943185681856633,29.674461186905347
22622,Yorkshire Terrier,3,small,Male,30.37070629436829,31.690237921961458
21544,Doberman Pinscher,4,large,Female,25.087317742335458,25.046363984174807
16564,Yorkshire Terrier,9,small,Male,30.34326020696487,27.058270673487712
3697,Yorkshire Terrier,10,small,Female,28.47601170902935,34.86006696131138
5621,French Bulldog,8,small,Female,28.684976130279143,32.26317389450159
3974,Siberian Husky,1,medium,Male,26.9192041555823,29.55665382434921
4498,Maltese,9,small,Male,24.203541953937027,30.511811672362143
24530,Boxer,6,medium,Male,29.521704871546653,25.317525399357034
2337,Golden Retriever,7,large,Male,25.656015898029494,26.04439002126256
19630,Poodle,2,small,Female,24.94770161661502,28.701830528955114
11442,Yorkshire Terrier,5,small,Male,28.156724563259186,31.853679444613668
23799,Boxer,14,medium,Female,29.82768478986736,33.6578450559302
19499,Chihuahua,15,small,Male,27.562218560563913,31.663476495098468
24779,Maltese,9,small,Female,25.533783489694287,32.719054222128676
5802,Yorkshire Terrier,15,small,Male,26.752865045536197,30.717019723366096
20346,Doberman Pinscher,14,large,Female,30.35548041192101,34.350633284600626
11167,Golden Retriever,9,large,Female,27.19605690362895,30.753551926544247
22535,French Bulldog,14,small,Female,23.96959938328671,35.56793471249695
12346,Golden Retriever,1,large,Male,30.958818793525097,30.624065779918112
15559,Boxer,13,medium,Female,22.02378941748971,30.129366320984143
23308,Australian Shepherd,6,medium,Female,24.52169010246846,32.054931099108025
5564,Rottweiler,8,large,Female,23.39486340516218,28.15690611993283
19150,Great Dane,7,large,Female,23.392705408659964,27.662555466782578
20702,Golden Retriever,11,large,Female,25.77289153909112,29.040085133441423
15666,Yorkshire Terrier,4,small,Male,25.60902631004601,26.17506010372084
5955,French Griffon,9,small,Female,28.6761071995724,32.54568074802383
8804,Poodle,10,small,Female,23.605656851773848,35.66793544653024
17910,Pomeranian,3,small,Male,25.144228902583233,27.80311623290178
6870,Doberman Pinscher,11,large,Female,30.552171167026536,30.11277579522396
11330,Beagle,13,small,Male,22.649236780963317,27.908291456089838
4114,Labrador Retriever,5,large,Female,25.740461109395866,29.301201027139847
14401,Doberman Pinscher,7,large,Female,24.009461736999718,29.771958063521478
13760,Boxer,12,medium,Male,29.796180617596853,25.97710690344146
11478,Yorkshire Terrier,15,small,Male,26.19228408336404,31.435980772825722
15465,Bulldog,1,medium,Female,26.93038647375612,29.136868095465807
5187,Border Collie,7,medium,Male,22.73154683012759,28.247081969853934
11583,Pomeranian,1,small,Male,25.82168449811024,31.133473036400403
7842,German Shepherd,1,large,Female,24.249029221136844,35.89998069402207
10567,Beagle,11,small,Male,29.314593797790142,28.74212143736906
7788,Great Dane,15,large,Male,29.58083434605574,29.285403741992475
24347,Great Dane,7,large,Male,29.16559956728927,29.3977481878712
11483,Golden Retriever,6,large,Male,24.455931692836952,26.88722638302558
19157,German Shepherd,12,large,Female,24.566695534201177,29.71074296439402
9832,Dachshund,5,small,Male,27.866574448258056,30.109635396945862
11790,Doberman Pinscher,7,large,Male,25.707586616709182,31.865361932954226
15344,Bulldog,12,medium,Female,25.190308829914418,33.14404394471836
17759,German Shepherd,6,large,Female,22.586347008435972,28.759620157744905
8226,Shih Tzu,12,small,Female,28.29505514720374,34.82216768830162
15895,Labrador Retriever,8,large,Female,23.603728973526145,26.148889353674882
10281,Chihuahua,9,small,Male,30.489951398107813,28.967968536656638
2492,French Bulldog,15,small,Female,23.684254702334457,25.23573371309386
21206,Golden Retriever,6,large,Male,23.05020695939177,34.81181114784592
10083,Boxer,12,medium,Male,28.761111197420327,27.26427683479352
15747,French Bulldog,14,small,Male,24.246305316175974,30.074524778501868
20002,Siberian Husky,14,medium,Female,24.618207753572307,25.909943489558998
5582,French Griffon,14,small,Female,22.133468708883047,33.891332693272304
10319,Chihuahua,15,small,Female,29.096413260579666,29.405071148784728
18507,Boxer,3,medium,Female,30.083545726823566,28.80776741225411
8096,German Shepherd,2,large,Female,24.501964130987393,29.734133092650367
22264,Doberman Pinscher,2,large,Female,30.314765326339888,29.421039505864037
17713,Bulldog,5,medium,Male,23.698722642267366,26.11085903934377
5244,Chihuahua,15,small,Female,25.474095832286455,32.98870237449676
16480,French Bulldog,10,small,Female,24.826150626048154,26.479311085256718
19423,Doberman Pinscher,9,large,Male,28.65811873640835,31.797901516655955
6585,Pomeranian,15,small,Female,29.23567776832079,32.11630472350764
22954,Bulldog,12,medium,Male,24.691541289342027,30.633840419914637
2731,Shih Tzu,6,small,Male,27.48601974260695,33.68350289513876
17555,French Griffon,10,small,Female,24.001862124661,30.72813597200374
23491,Yorkshire Terrier,10,small,Female,28.379416393685947,28.148645802382763
6624,Dachshund,13,small,Male,25.85613558138192,27.886671954730684
5399,French Griffon,15,small,Male,28.58555323566355,35.02474858070125
8013,Doberman Pinscher,6,large,Male,25.692709424957794,28.795056134665042
1906,Australian Shepherd,14,medium,Female,29.152340737163986,32.78400547234113
19865,Bulldog,6,medium,Male,30.78344179374688,32.17927742380758
17107,Siberian Husky,6,medium,Female,30.203420984143513,28.02779959273371
24279,Labrador Retriever,2,large,Female,23.54745479694763,30.075153424719442
13635,Border Collie,7,medium,Male,27.460574771719354,27.32888888620484
13105,French Bulldog,8,small,Female,28.22977886680996,34.57813432014878
18493,Pomeranian,4,small,Female,27.34303203432023,32.424242523836824
12044,Boxer,15,medium,Male,24.158573431684783,29.00528738151757
14816,Yorkshire Terrier,9,small,Female,24.687824651030397,35.967013372421086
18394,Doberman Pinscher,8,large,Female,28.969616456147165,26.10080035715058
4979,Beagle,7,small,Female,22.172975529600173,34.540127049654494
24239,Chihuahua,2,small,Female,28.7521659570114,32.84143090667996
15781,Maltese,15,small,Female,23.31455234738213,33.81703162786103
6779,Pomeranian,10,small,Male,25.470579466655316,26.76875243600697
6089,French Griffon,13,small,Male,29.55464205216623,33.436873845547
13074,Golden Retriever,5,large,Female,29.05270465271883,29.227412600645998
11132,Doberman Pinscher,10,large,Male,27.26691485442239,28.93353163117736
21455,Siberian Husky,14,medium,Female,30.590418446696468,34.395533737100834
3905,German Shepherd,11,large,Male,24.196971279339536,35.37683855615387
21570,Yorkshire Terrier,14,small,Male,24.82483405816221,33.86695393903922
12676,French Griffon,6,small,Male,25.30136025514668,25.19549353634338
6627,Labrador Retriever,15,large,Female,26.00396369788843,29.38169992164147
8098,Labrador Retriever,13,large,Male,29.726129406390044,34.06856096392525
13856,Beagle,6,small,Male,26.847549557532673,34.424692895878266
23847,Chihuahua,5,small,Female,29.19805634226069,30.515537304675178
18726,Rottweiler,14,large,Female,23.367410800603018,25.470579088109194
12459,Yorkshire Terrier,4,small,Male,23.098014211506083,27.394954040749372
19437,Rottweiler,12,large,Male,26.95475378938428,32.343042071290085
8812,Australian Shepherd,6,medium,Male,26.11725436921278,32.049172109010556
8795,Bulldog,4,medium,Female,22.67012042108733,35.20248828585285
16415,French Griffon,11,small,Male,30.229317113476824,25.657989840497823
2956,Chihuahua,1,small,Female,24.829572887934216,25.980157125237216
23555,Pomeranian,13,small,Male,30.066109136087015,28.77026733349774
2354,Yorkshire Terrier,5,small,Female,27.547935097017515,30.41919495759422
7492,Doberman Pinscher,11,large,Female,28.33419305836073,26.08583826729663
8080,Poodle,6,small,Male,30.287627580535485,28.361259043769024
15576,Doberman Pinscher,6,large,Male,22.108824289796203,30.22310347570675
2714,French Griffon,12,small,Female,24.601074082105388,30.350059883390873
9393,Poodle,12,small,Female,28.90066695440419,34.45875972028442
19985,Border Collie,3,medium,Female,28.564649672802155,28.333746885206164
18226,Bulldog,15,medium,Male,30.013348641150166,28.764615646506115
15266,Poodle,8,small,Female,26.5882037128833,33.85217922254802
4342,Rottweiler,3,large,Male,28.00588525998236,33.27884295495326
24276,French Bulldog,3,small,Female,22.572516072441484,27.65499880443339
20372,Boxer,4,medium,Male,27.614251655857412,34.02578072828847
13743,Dachshund,15,small,Male,26.674690441965687,27.374449648260367
10654,Golden Retriever,4,large,Male,22.62454416233811,27.09670459170024
8810,French Bulldog,3,small,Male,24.8922710367731,35.18225092694219
13043,Poodle,10,small,Female,22.00458761495114,35.32330188486908
22050,Poodle,12,small,Male,29.116275340423403,26.307196161324047
1660,French Griffon,7,small,Female,23.453045078633252,25.97554980012242
1592,Dachshund,6,small,Male,30.66730142255814,31.41278652836697
22743,German Shepherd,10,large,Female,28.312984570483295,34.795021692039136
23970,Beagle,11,small,Female,30.43791655930856,33.01814686802915
19313,Labrador Retriever,8,large,Female,23.824155824193703,35.80025657059248
20546,Siberian Husky,5,medium,Female,27.856281341884774,26.891857078235265
24185,French Griffon,1,small,Female,23.07175288396391,35.0151175091969
2620,French Griffon,15,small,Female,25.86961903010946,29.987840782770668
18825,Beagle,8,small,Male,23.702706945087566,30.990154596909285
8428,Shih Tzu,1,small,Female,27.939435239938135,30.7175554046253
8357,Australian Shepherd,6,medium,Female,28.48693753135405,29.529858419090154
15654,Siberian Husky,3,medium,Female,27.260416432185597,35.98324031453875
16302,Siberian Husky,12,medium,Male,29.283998373948528,33.57885088544444
8469,Pomeranian,1,small,Male,23.506651172379797,29.012715709083956
21068,Golden Retriever,9,large,Male,23.07189312311643,26.889470174550983
17233,French Griffon,13,small,Male,24.169603438419795,26.701639602295447
16091,Golden Retriever,1,large,Male,28.153329076097187,25.822151135601153
3507,Doberman Pinscher,9,large,Male,22.740795849962723,28.394562652707215
1372,Labrador Retriever,5,large,Male,30.849272051408224,30.248364407944294
1930,Great Dane,5,large,Female,29.95563360695411,25.934889611638265
8351,Dachshund,11,small,Female,27.16779796305461,35.50220506486246
3508,Poodle,14,small,Female,29.934639387135775,25.212237949816732
18244,Boxer,4,medium,Male,23.93997453828504,34.24194897644693
16750,French Bulldog,15,small,Female,24.989626079553897,30.27774506729131
6476,Boxer,15,medium,Male,28.32456067793552,31.02895988336338
2523,Rottweiler,8,large,Female,30.3519745759205,30.16097463501471
21973,Boxer,2,medium,Male,25.383376425017595,32.373939030294025
16226,Labrador Retriever,5,large,Female,24.55296264520228,29.53297272689351
13454,Beagle,13,small,Female,27.679696209621202,30.56803139843273
6941,Golden Retriever,11,large,Female,25.187032919995026,25.754622498670457
24088,Siberian Husky,5,medium,Female,29.266035421177488,31.349676886000513
14686,Pomeranian,6,small,Female,26.242982759617902,35.86198625706246
14792,Labrador Retriever,4,large,Male,30.173193704093656,27.903747324471563
13079,Golden Retriever,15,large,Female,30.459088858222916,30.826066865740447
13156,Bulldog,9,medium,Female,30.72694620695143,34.71781698106475
17763,Doberman Pinscher,8,large,Female,24.304839172114775,25.388841591939872
21112,Golden Retriever,14,large,Female,24.789827449439798,35.76005420135634
17344,Australian Shepherd,11,medium,Female,28.82759150408899,33.93263520276226
19946,Bulldog,5,medium,Female,28.515852313021895,26.88280072170044
21006,Dachshund,7,small,Female,30.173734610888882,32.67565385385403
10936,Chihuahua,8,small,Female,27.389531807324403,29.091407013394374
24808,Golden Retriever,4,large,Female,26.738909638610806,30.281443036843957
13540,German Shepherd,12,large,Female,27.74753513493575,35.772371103021705
19947,Doberman Pinscher,5,large,Female,28.635198024364417,35.090010773649226
18721,Maltese,11,small,Male,27.404954707129015,33.256376453299794
20153,Maltese,8,small,Female,27.453491046836067,27.20859268296556
19237,Beagle,14,small,Female,28.28028078934933,27.85936192614974
13899,French Bulldog,11,small,Male,25.52902099625831,25.31438780178561
14690,Australian Shepherd,3,medium,Male,23.41506199299312,33.720991981253064
11440,Maltese,1,small,Male,30.9971736725674,25.312766303181366
6735,Maltese,1,small,Male,29.672300652557425,27.019707987778155
24473,German Shepherd,5,large,Male,22.115902794695426,26.285723803147246
23965,Dachshund,11,small,Male,29.664582565461618,29.635273448416974
1382,Doberman Pinscher,4,large,Male,22.01816288014505,27.000456053467868
11799,Rottweiler,2,large,Female,25.367386212068713,34.06826211705068
13474,Siberian Husky,9,medium,Female,27.51141370247628,28.113483667843035
9355,Beagle,1,small,Male,27.595405395809507,25.78312798708829
7332,German Shepherd,11,large,Male,26.54326339424449,32.56793378336703
8820,Labrador Retriever,1,large,Male,28.09153604528435,27.357736208651062
6838,Golden Retriever,11,large,Female,30.786077224329418,35.44026006997274
2334,Yorkshire Terrier,14,small,Male,24.32107611923648,31.576820644081206
19951,Poodle,15,small,Female,22.117308412866606,26.503567107627628
8743,Pomeranian,4,small,Male,22.5815158821501,33.75702025455963
11595,French Griffon,11,small,Female,27.320329717676763,28.654544792369112
24302,Doberman Pinscher,1,large,Female,24.763287705391967,29.743912597058074
2816,French Griffon,12,small,Male,22.359447645670166,31.2218755325529
7625,Boxer,14,medium,Female,28.32007939152459,30.84994958099753
6375,Boxer,11,medium,Male,22.617586110402865,26.20852871041448
21591,French Griffon,13,small,Male,23.45042256634814,28.767932905150296
21125,Australian Shepherd,7,medium,Male,27.091827886307975,29.909820412004873
16085,Chihuahua,10,small,Male,28.095462343418625,32.26614169010653
18454,Doberman Pinscher,2,large,Male,22.166793641333605,29.46650822542182
2747,Beagle,5,small,Male,24.655733133634026,29.689448076492305
12035,Yorkshire Terrier,13,small,Female,26.387269089917076,32.10841554633663
1362,Golden Retriever,1,large,Male,28.609725773722186,25.56713785365479
9653,Dachshund,7,small,Female,23.283831618936553,26.621247970438173
9416,Labrador Retriever,2,large,Female,23.974815442540933,29.249708522569115
23423,Boxer,7,medium,Female,30.33900912417211,31.474986043543588
9677,Chihuahua,15,small,Male,26.05392556452589,25.444693965644742
5367,Labrador Retriever,5,large,Male,25.418458075063572,25.98670337901011
21688,Australian Shepherd,4,medium,Male,30.118673773036228,29.650971426583055
17755,Maltese,10,small,Female,30.077111893466927,30.956019920002312
16029,Australian Shepherd,4,medium,Female,22.825656534447134,33.46000603426704
12959,Doberman Pinscher,1,large,Male,28.662649896175292,33.8156144384313
14375,Australian Shepherd,14,medium,Male,27.815271087221355,30.440015664669556
7461,Maltese,1,small,Male,24.739912787215204,34.198124424601325
16764,Chihuahua,5,small,Male,23.507098877418287,30.142094162175617
2776,Great Dane,15,large,Male,29.831621441349974,32.909282742269404
22316,Doberman Pinscher,12,large,Female,23.835216140936616,31.290019609782412
13002,Siberian Husky,7,medium,Male,27.32728469129415,28.312952721219084
13673,French Griffon,3,small,Female,25.516152778690316,25.430314289032246
13486,French Bulldog,4,small,Male,27.126017372769635,28.333945621525533
21026,Shih Tzu,6,small,Female,27.93355987349778,29.646204358737222
23783,Maltese,9,small,Female,25.80682032369829,25.420827949103774
19546,Australian Shepherd,2,medium,Female,22.24407166677541,34.84273275079939
4381,Labrador Retriever,12,large,Male,22.107601923600036,29.33742534645623
15713,Bulldog,10,medium,Female,22.489517383728984,35.50879264071496
12341,French Griffon,11,small,Male,24.400943308009175,30.95474681840895
11666,Labrador Retriever,10,large,Female,24.491686411222737,25.301383797779053
10540,Chihuahua,10,small,Female,28.86806941940744,34.82882411596452
13186,German Shepherd,7,large,Male,23.168440831430306,25.506911745019192
10812,Yorkshire Terrier,1,small,Male,22.837318607184802,25.85815647425536
19339,Beagle,3,small,Female,30.06674376463731,35.8947363098346
17669,Doberman Pinscher,7,large,Male,24.237348358237636,34.76898838422484
19920,Rottweiler,2,large,Male,25.299746337061734,34.41790623274555
8000,Beagle,6,small,Female,27.378760436049173,32.68625526306087
15286,Yorkshire Terrier,6,small,Male,27.942842101593833,27.088085663234597
14663,Yorkshire Terrier,8,small,Female,26.309745166524696,27.981575046696797
17758,German Shepherd,13,large,Male,22.813945881107912,26.36700971300676
4262,French Bulldog,13,small,Female,24.48760142043527,27.256536493355245
21742,Rottweiler,7,large,Female,22.90064939720897,34.24387190917123
11328,German Shepherd,2,large,Female,30.512998820106,27.133361157640845
17277,Australian Shepherd,8,medium,Female,29.56235317916297,33.38166823131502
9723,Rottweiler,10,large,Male,30.868718972054026,34.78162935426517
9813,Great Dane,7,large,Female,25.883253253721378,25.564646900430212
15634,Shih Tzu,2,small,Male,29.689658404643442,30.937271793930687
22532,Poodle,14,small,Male,22.825545850227076,33.64725561591675
23341,French Griffon,5,small,Female,29.47426835695644,32.51895935530285
23928,Labrador Retriever,8,large,Female,29.37632774377174,29.374675439759876
5574,Pomeranian,2,small,Male,23.045471516424456,32.03812084597538
23377,Great Dane,4,large,Male,23.56933193904553,29.400916132488167
16696,Yorkshire Terrier,9,small,Male,28.13112319724817,25.283363460294932
13910,Maltese,14,small,Male,26.188081715572476,32.0796072487634
8342,Maltese,10,small,Male,23.495573125595662,33.01968587351747
9400,Siberian Husky,9,medium,Male,28.36971093264627,35.04391336016002
18513,Rottweiler,10,large,Female,25.564728752722235,27.48712695671664
10979,Labrador Retriever,9,large,Male,27.337572081949105,28.79717622102359
10589,Chihuahua,11,small,Male,25.765053516858202,30.089804722004065
23059,Chihuahua,8,small,Male,23.77145040975371,27.425814040636652
16938,Chihuahua,6,small,Male,29.113927628704857,30.96620368926671
2110,Australian Shepherd,8,medium,Female,26.01868633492363,29.268690906606384
16113,Pomeranian,4,small,Female,29.72166170971642,34.31626093860721
13018,Siberian Husky,6,medium,Female,28.4629454022416,25.952040365761807
9195,Doberman Pinscher,11,large,Female,22.062553746701525,31.01419745176662
13576,French Griffon,14,small,Male,27.24468611832008,31.012671437035884
14308,Poodle,7,small,Male,27.188582958278655,28.181374882727184
21811,German Shepherd,11,large,Male,30.5486872876374,26.733577642042082
16301,Yorkshire Terrier,9,small,Female,28.30573076697111,29.962936304688025
3283,Golden Retriever,12,large,Male,26.046333500143085,32.15659041464424
14150,Maltese,3,small,Male,25.63363024217615,33.791697006881535
5608,Poodle,12,small,Male,23.0333869310229,33.95753365717186
15568,Border Collie,12,medium,Male,29.252059741796096,33.452370716138645
4416,French Griffon,9,small,Female,25.090141169779475,30.121333941638007
20503,Beagle,3,small,Female,23.227699634106415,35.36144007437885
4581,French Bulldog,2,small,Female,27.890795840604785,35.64941980995879
23545,Labrador Retriever,5,large,Female,28.5580171307716,30.28028250796886
12830,Boxer,5,medium,Male,28.140178313295962,31.763368749724908
16793,Yorkshire Terrier,8,small,Male,24.230599073624816,29.51625374524165
13987,Chihuahua,7,small,Female,29.34807837218295,30.171958078627384
10321,Dachshund,2,small,Female,25.18364976848507,27.183264926567873
24874,Beagle,3,small,Female,26.46136564870999,35.655306237214326
12756,Maltese,1,small,Male,27.46360140975444,34.03129312114519
12710,Siberian Husky,12,medium,Male,23.45878065279624,35.46916162134244
9931,Siberian Husky,14,medium,Male,25.90034271761472,29.161971917905355
12621,Rottweiler,5,large,Male,29.585149377806424,33.91430963556512
11084,Maltese,6,small,Male,28.777825224453203,25.96719681588777
12862,Poodle,13,small,Female,22.072505187854738,31.905454339792016
3288,French Griffon,6,small,Female,26.599423747462808,29.779206170385415
14474,Shih Tzu,5,small,Male,23.809622309954197,25.906670235625686
5251,Border Collie,6,medium,Female,27.608989802823718,28.255732909662502
23626,Maltese,12,small,Female,23.316412890655023,33.50925726635536
7186,Poodle,12,small,Male,26.29244774496993,26.167962912998636
24551,Labrador Retriever,11,large,Male,22.478900618595866,26.11618402779135
6291,Maltese,9,small,Female,22.36630431365972,29.494210276548454
7081,Doberman Pinscher,12,large,Male,22.073559217093624,32.026793223908534
15546,Border Collie,1,medium,Female,27.26786250478877,35.39448821516586
13070,French Griffon,15,small,Male,25.239420578034878,25.95069519195602
19350,French Bulldog,8,small,Male,23.983265559818467,27.351414006329186
7155,Doberman Pinscher,11,large,Female,24.637249457174406,31.29444908180883
13716,Pomeranian,7,small,Female,22.56670900184212,26.560029035108855
8133,Pomeranian,1,small,Male,29.849308087330126,26.750441398189995
1990,Golden Retriever,5,large,Female,22.70840580786752,29.53474265897384
16205,Dachshund,5,small,Female,24.036232960452,33.25607072145989
7988,Poodle,2,small,Male,27.30430488726162,26.56177456737729
17116,Bulldog,9,medium,Female,24.567287935011567,30.32805714864799
5974,Golden Retriever,6,large,Female,25.671737083802434,33.55935822121728
15954,Beagle,13,small,Female,27.24591110315502,25.513582640366273
2190,Yorkshire Terrier,3,small,Female,29.63981569595564,35.942566049993694
9799,Shih Tzu,3,small,Female,24.60599211789136,34.2641717640833
8613,Poodle,13,small,Female,25.903899893633117,30.715546476950124
14086,Border Collie,13,medium,Male,22.277591318833668,34.56623246386968
11396,Siberian Husky,12,medium,Male,22.52192155326603,32.32713753819303
23561,Golden Retriever,1,large,Male,30.407104488846624,27.772898935216954
21676,Pomeranian,3,small,Female,22.793491486339743,31.524008271859653
24843,French Griffon,11,small,Male,30.940350382310143,27.887181517803715
6789,Rottweiler,15,large,Female,30.602175693693518,33.39331616056799
21602,French Bulldog,11,small,Male,24.434815817011973,31.002102146892568
24448,Dachshund,7,small,Female,26.354182582502215,29.416855721610208
13502,Shih Tzu,8,small,Male,23.580318079152327,34.8003671478572
24374,Australian Shepherd,1,medium,Female,27.623843209140432,35.00527853330682
16503,Doberman Pinscher,15,large,Male,24.71488381972548,26.211606704425567
23935,Australian Shepherd,11,medium,Male,28.91142348841253,26.937671402256544
6819,Poodle,2,small,Female,28.405311777980746,32.19769973014924
18399,German Shepherd,7,large,Male,25.3881405457141,30.365347959955287
20968,Yorkshire Terrier,15,small,Female,30.147055255767924,31.121319591884294
19625,Shih Tzu,6,small,Female,24.40259889779469,29.197952263567434
13289,Border Collie,10,medium,Female,30.289153079435795,30.889843172099546
8366,German Shepherd,13,large,Male,28.631614383196432,26.513797181052464
23845,German Shepherd,11,large,Male,23.662322024521334,29.759049634751044
4037,Pomeranian,5,small,Male,28.20170208293716,32.182073337153746
3334,Beagle,3,small,Male,26.478311823635984,28.974038529180383
12985,French Griffon,1,small,Male,30.20569989255387,25.00729362469039
11325,Shih Tzu,1,small,Female,27.53031003912412,35.20954774231999
19417,Dachshund,7,small,Male,26.27100773861521,34.629155342008175
14984,French Griffon,3,small,Female,22.50135629767914,33.920262918027696
9389,Maltese,7,small,Female,22.192385455175607,29.204218354151067
1164,Yorkshire Terrier,13,small,Male,24.91884512388616,35.538280483222124
7524,Yorkshire Terrier,7,small,Male,29.305702407309386,27.51294158871313
21648,French Bulldog,1,small,Male,29.471464899955624,34.58868311609286
22844,Dachshund,7,small,Male,27.417216905543476,35.652498790384065
24054,Labrador Retriever,14,large,Male,24.976544707176362,31.888017885168043
24466,Great Dane,11,large,Male,26.571726446944194,28.977931295879028
5063,Boxer,12,medium,Male,30.529311317368144,27.090899148008468
23471,Yorkshire Terrier,5,small,Female,26.50925837986602,35.558843490736514
10579,Shih Tzu,4,small,Male,28.898071422520083,34.38176658440638
1602,Beagle,6,small,Female,22.016179971209286,33.64057764882757
19032,Great Dane,3,large,Female,27.192319692249228,32.43890521384311
3122,Rottweiler,4,large,Male,25.744037632764197,35.19814337802215
11911,Maltese,2,small,Male,23.013907543223638,35.51138804227218
21501,Rottweiler,7,large,Male,22.759306878466557,29.195503561361267
6371,Shih Tzu,5,small,Female,24.337549501784668,30.571024555337974
5238,French Griffon,13,small,Male,25.757186976569635,33.569528753174744
3390,Rottweiler,11,large,Female,29.363644886511377,30.703057566189546
9468,Golden Retriever,14,large,Female,30.785384688106056,29.55366362349511
16358,Bulldog,2,medium,Male,30.555158655302805,29.83305940909326
9864,Australian Shepherd,11,medium,Male,29.722728922039135,27.309224107939574
10308,Pomeranian,13,small,Male,23.286427168497664,27.768410033520087
1484,German Shepherd,5,large,Male,22.211366302935634,34.326866587828476
16351,Shih Tzu,2,small,Female,28.425164156647877,30.07496845294535
8805,Rottweiler,6,large,Female,22.334103202851722,29.76868402751107
9990,Maltese,13,small,Female,23.420466671591367,26.64687036613708
13204,Boxer,6,medium,Female,25.253327889682904,31.88621312336529
18312,Doberman Pinscher,13,large,Male,22.661285227742972,34.70833065082153
17081,Maltese,4,small,Male,22.448083060168603,27.905642602859242
3304,Poodle,3,small,Female,26.554170731461642,31.43337561400232
10014,Shih Tzu,4,small,Female,26.200569288963674,28.75663030284988
23309,Beagle,7,small,Male,23.756037555702775,30.13894883447837
8566,French Griffon,10,small,Male,27.712935289634203,28.34154007488621
1730,Poodle,12,small,Female,30.737113764222944,27.792115604537926
19737,Australian Shepherd,12,medium,Male,30.339783315435106,34.464684728200865
15124,Poodle,15,small,Female,24.780529679887362,35.84799948815114
24604,German Shepherd,3,large,Male,24.178775746452697,30.908268947284146
11593,Golden Retriever,1,large,Female,28.426119050910422,32.52863548571695
8323,Labrador Retriever,11,large,Male,25.528517007047363,35.33507682355755
15754,German Shepherd,13,large,Male,26.5901641630323,28.045163974274175
3135,Border Collie,1,medium,Male,23.67121262777881,25.913212595849362
22152,Maltese,3,small,Male,26.626551386932352,32.779004823162765
20272,Shih Tzu,14,small,Female,26.43604970836272,33.89732301593094
9732,Beagle,1,small,Male,29.379919292114263,32.52059729138683
17261,Maltese,7,small,Male,28.375379617320206,31.01693255561495
10456,Shih Tzu,4,small,Female,29.643361465718264,27.84920133640052
22598,French Griffon,3,small,Female,28.396519528518485,28.30282734882108
13106,Doberman Pinscher,4,large,Male,24.160784505796666,33.17813405866822
4033,Siberian Husky,2,medium,Male,24.001500780050804,33.41300557378578
20249,Pomeranian,11,small,Male,28.05020107767065,33.41316807730898
5575,Doberman Pinscher,5,large,Male,29.550923605626874,30.948973676827936
20982,Rottweiler,6,large,Male,30.222767315845644,28.568702585814286
21161,Doberman Pinscher,12,large,Male,27.44365467598397,30.168395222295533
17999,Labrador Retriever,9,large,Male,29.52289907192429,32.980522169655664
6582,Great Dane,8,large,Male,27.460620079474047,31.758389371035225
5640,Golden Retriever,13,large,Female,27.605271435295634,28.263015561416818
17287,Doberman Pinscher,6,large,Male,30.961465844306165,25.821845975408603
14182,French Bulldog,6,small,Male,29.625319830522518,27.154014017595955
19193,Golden Retriever,4,large,Male,26.518841909476365,32.50184258858165
12889,Labrador Retriever,15,large,Male,28.49385207655113,32.006697389497205
9115,Siberian Husky,2,medium,Female,26.43979586790243,34.41740111163289
24267,Dachshund,15,small,Male,27.909942519000275,34.00332036207079
22371,Great Dane,12,large,Female,25.207599670059743,30.685177972905045
15292,Great Dane,5,large,Male,25.705974634461988,33.38099993262118
11261,French Bulldog,2,small,Female,22.5865842248159,29.00362346930625
19031,Beagle,5,small,Female,24.274138732172375,28.964107555083082
14646,Rottweiler,11,large,Female,27.679403056032303,35.13215186981943
2283,Beagle,15,small,Male,29.47895274684282,25.75865716619538
24286,German Shepherd,4,large,Male,24.123212242086904,30.725089264195336
16464,Rottweiler,10,large,Male,29.351528620246498,31.272196332135444
3803,Border Collie,1,medium,Female,23.664833504232234,30.837795331041136
23282,German Shepherd,2,large,Female,29.02028608689034,32.47822459833276
8487,Yorkshire Terrier,8,small,Female,29.170975219167534,30.689411913567255
14259,Boxer,2,medium,Male,29.781010947473977,33.232215289472485
17554,French Griffon,10,small,Female,24.937774038884974,28.83512165979011
2394,Australian Shepherd,11,medium,Male,24.001448443310956,35.96739110386405
19126,Shih Tzu,12,small,Female,23.684884120025583,31.555759133706573
1567,Golden Retriever,7,large,Female,25.986017781153823,25.499772301192156
20158,Dachshund,8,small,Male,29.816685946297834,29.433983613025642
14240,Border Collie,6,medium,Female,26.906830227384205,31.748156415616684
19778,Bulldog,1,medium,Female,23.024491831175805,27.589443892683494
17597,Chihuahua,5,small,Male,22.45699001228301,35.65428952767323
3495,Great Dane,13,large,Female,29.170805415747413,31.40765252797169
13557,Shih Tzu,4,small,Male,25.292588488591093,27.127260088665537
9537,Great Dane,7,large,Female,25.07143925900667,33.55612019388167
12228,French Griffon,15,small,Male,26.85424404016589,28.3941768619329
2513,Chihuahua,9,small,Male,27.430382491516763,25.33366245700363
12253,Dachshund,2,small,Male,27.86984513225106,27.99081367160617
19618,Golden Retriever,11,large,Male,27.776603389309678,31.29254324014832
19160,Beagle,14,small,Male,24.02778691573709,31.36353081704496
9928,French Griffon,3,small,Female,29.84754610645916,30.847100294507875
20542,Chihuahua,10,small,Female,30.44774897833074,26.245765696024424
6816,Poodle,8,small,Female,25.072885332381524,30.731422228974267
18660,Border Collie,3,medium,Male,25.69863024665539,28.455878831016758
21000,Dachshund,4,small,Female,30.954166320702733,27.06747141166112
4057,Pomeranian,3,small,Male,22.702074380147224,26.26598346689734
11441,French Griffon,8,small,Male,27.744086656901313,31.850413810608714
14775,Great Dane,14,large,Female,25.76858718321464,27.65101166612534
13774,Australian Shepherd,1,medium,Male,25.86220952526409,28.689368015060314
4036,French Bulldog,1,small,Male,30.03284824373147,35.77905217507352
24162,French Bulldog,4,small,Male,24.675552259999186,26.480308505179522
2837,Doberman Pinscher,2,large,Male,30.857127049128025,27.547499665089777
12652,Pomeranian,5,small,Male,30.696063241607852,35.17832861208919
3162,German Shepherd,3,large,Female,26.39155271425517,29.520462749076373
16444,Chihuahua,13,small,Male,23.5069195604711,29.571690561851828
1320,Australian Shepherd,3,medium,Female,26.076021384668007,35.542751063198494
21178,Beagle,10,small,Female,27.613141902715455,31.848871279390405
2193,Great Dane,15,large,Female,24.654058968933786,31.565482953882572
5521,Pomeranian,14,small,Female,22.355321346805432,33.441929715234664
1406,Doberman Pinscher,10,large,Female,27.792090011434894,33.719417844032236
1375,Australian Shepherd,10,medium,Female,27.362488846077238,29.21414090658147
11231,French Bulldog,7,small,Male,26.93136550709201,35.51211413267367
6877,Bulldog,9,medium,Female,28.46558171954345,29.550077148361325
10031,Bulldog,7,medium,Male,27.329177525128692,27.88480754948013
9433,Pomeranian,11,small,Female,26.00530234557764,30.77243159906242
12939,French Bulldog,11,small,Female,24.99890099316316,30.358613840275947
4639,German Shepherd,4,large,Female,30.97223766123673,35.90494256614208
1631,Great Dane,13,large,Female,28.976943314379078,32.31202001961093
1268,Shih Tzu,13,small,Male,22.58453863138043,35.841815676684945
9595,Shih Tzu,4,small,Female,26.090490601351277,25.243679193287427
7270,Boxer,13,medium,Male,30.08983911590432,32.64919141334353
9619,Yorkshire Terrier,11,small,Female,28.753558818735787,35.32689653102477
14000,German Shepherd,2,large,Male,29.432024821270673,25.27354204012332
11109,Poodle,15,small,Female,27.720941785812794,27.977491119407414
17292,Yorkshire Terrier,13,small,Male,24.142310933672327,29.209653710019914
2541,Border Collie,14,medium,Female,22.957333847511933,32.16096146438706
15145,Doberman Pinscher,11,large,Female,26.02399315160832,28.141956712861116
17018,Yorkshire Terrier,3,small,Male,30.76825574189472,27.32659013901465
24332,French Griffon,13,small,Female,28.868506890438127,27.296256110451086
18650,Yorkshire Terrier,12,small,Female,24.242342056964056,35.82008574602048
17478,Yorkshire Terrier,11,small,Male,25.45401920750335,26.586377502547347
6116,Rottweiler,14,large,Male,28.593560654647654,28.615103904367068
1295,Yorkshire Terrier,12,small,Female,22.690531798517593,34.496499267736354
14900,Shih Tzu,1,small,Female,26.12406600732028,31.31171902410933
12917,Boxer,3,medium,Female,27.774740216915447,35.76493429925323
12107,Golden Retriever,12,large,Male,29.443672422683328,30.433435947856896
20295,Bulldog,12,medium,Female,23.538537180083516,32.9150774819133
14480,Rottweiler,11,large,Male,29.19895744132276,34.28884258744688
8625,Beagle,4,small,Female,23.453027290499097,32.52307830631383
1510,Great Dane,4,large,Male,25.27300234957506,29.83464055062772
21958,Bulldog,15,medium,Female,23.64683615937979,35.01857620969135
21267,Chihuahua,11,small,Male,22.763702946098732,33.11789419683894
12473,Maltese,12,small,Female,23.246683941259967,34.37377848539402
8842,Border Collie,2,medium,Female,25.061817222624253,27.44763337247919
6451,Border Collie,10,medium,Male,25.059788507702343,35.18543093836044
13658,Great Dane,8,large,Female,28.911244635688746,33.223638547376
7960,Yorkshire Terrier,6,small,Male,30.53611283868015,28.583964446854694
17051,Siberian Husky,9,medium,Female,28.73474069227961,33.6205770256879
16589,Yorkshire Terrier,1,small,Female,29.89673607168051,31.87322251138465
2241,Border Collie,4,medium,Male,22.179559330931024,25.705174229173608
4543,French Griffon,2,small,Male,28.333726305688153,26.111358640715736
9980,Golden Retriever,2,large,Female,28.089073298901436,28.153001367967352
21225,German Shepherd,5,large,Male,30.808861817564456,29.23330903974849
23569,Shih Tzu,4,small,Male,28.142483508496206,28.56605846168296
17702,Doberman Pinscher,9,large,Male,27.104096023295245,30.217218476888704
6917,Rottweiler,15,large,Male,26.141901304938873,26.397193109244647
24945,Border Collie,6,medium,Male,27.8941200144437,29.061620843391495
11195,French Griffon,13,small,Male,28.356179181691395,29.631546476946706
20696,Dachshund,11,small,Female,27.320102280966488,29.10726350480266
5845,French Bulldog,7,small,Female,28.13012465271854,29.43889747385883
13225,Rottweiler,13,large,Male,26.41288662428267,30.77000044928362
24337,Poodle,7,small,Female,29.95995319075849,25.90592410668471
6052,French Griffon,10,small,Female,29.560386682254155,31.62089464497121
1379,Maltese,4,small,Male,24.412800770028028,27.191111961724157
3033,Australian Shepherd,12,medium,Male,29.22483011621158,34.9935599286929
12444,Bulldog,2,medium,Male,27.324349607211055,30.46467133507403
21086,German Shepherd,6,large,Male,25.45373198947533,29.451888333325623
19642,Border Collie,10,medium,Female,26.554372072077985,35.7943401666069
16991,French Griffon,12,small,Female,27.8043970669815,34.470270859048455
6402,Golden Retriever,10,large,Male,25.335710726378544,29.702126917744103
12607,Poodle,4,small,Female,25.81152512714922,26.26795205568417
1430,Maltese,10,small,Female,25.21583918728728,26.955471891500704
17699,Australian Shepherd,8,medium,Male,23.37274661852741,25.477752454215334
13113,Chihuahua,7,small,Male,26.725413899396013,26.478851281969696
21470,French Griffon,5,small,Male,26.646822041930328,29.665340262880804
5438,Great Dane,7,large,Female,27.65529011692798,33.31875359451274
22047,Border Collie,14,medium,Male,29.14282984344203,29.88573134547488
16842,Yorkshire Terrier,2,small,Female,26.851613350606314,28.579806025250598
12012,Pomeranian,11,small,Male,27.532206651211403,25.70460662659681
14038,Poodle,9,small,Female,26.542090752588678,26.16083260285943
11470,Beagle,7,small,Male,28.112927862366256,35.027397480960886
13102,German Shepherd,4,large,Male,25.66116404028951,29.60468569335915
8099,Great Dane,7,large,Male,29.727153578920117,32.86996161847846
17695,Poodle,1,small,Female,23.431635683938598,29.095895264924053
2859,Australian Shepherd,3,medium,Male,25.050658363943665,26.917284051764813
22063,Chihuahua,7,small,Female,27.57569288528409,33.73481750387462
9150,Boxer,2,medium,Male,25.811889079317286,30.860225513333994
23289,Great Dane,8,large,Male,27.758382747212316,28.84391318628075
15352,Poodle,1,small,Female,29.241691363325618,31.253550433968115
23225,Poodle,12,small,Female,26.50466722603973,32.81247172913716
11141,Yorkshire Terrier,8,small,Female,28.860148014160103,28.33672803289918
12824,Poodle,10,small,Male,22.389369018787278,28.40981246706586
22070,Doberman Pinscher,14,large,Male,30.33414440242743,33.40533197688298
23479,Dachshund,9,small,Female,22.93124762190579,33.178947275780615
19725,Pomeranian,12,small,Female,27.803433291677578,27.915513923924085
6213,Australian Shepherd,8,medium,Male,23.76458403054519,28.651027845863723
7651,Shih Tzu,1,small,Female,25.626582024017488,34.37502550219794
23283,Shih Tzu,9,small,Male,28.53488469279917,32.11380505213419
6805,Australian Shepherd,12,medium,Male,25.847299064037827,25.22530264153455
14459,Golden Retriever,4,large,Female,25.48709259807203,34.42149145245335
15350,Poodle,14,small,Female,22.59632700004158,33.756914458367945
16978,Yorkshire Terrier,6,small,Female,24.31492677814956,28.190566790791074
19054,French Griffon,13,small,Female,23.748013699447707,29.921689981639382
23955,Poodle,6,small,Male,24.437515145992457,29.761381538075366
3087,Poodle,10,small,Male,28.39955553138352,30.263903771273924
5057,Great Dane,4,large,Female,30.747944657422252,25.320596332639074
14973,Boxer,7,medium,Male,27.01384448089155,27.697681326093868
2175,French Griffon,6,small,Female,22.268142438331342,25.53697187599851
19079,German Shepherd,11,large,Female,25.898342094217995,30.76322991824068
17044,Border Collie,3,medium,Male,27.12556467685638,33.80571046516719
2083,Beagle,11,small,Male,27.024926890251066,26.595898904737002
16874,French Griffon,12,small,Male,24.619142238163843,26.184481992222622
19161,Doberman Pinscher,15,large,Male,28.080187574072337,27.630736072858422
17969,Boxer,4,medium,Female,22.18365129042886,26.254241227949745
6386,Pomeranian,12,small,Female,28.572039832236023,26.785477735512337
4150,French Bulldog,6,small,Male,24.030567366041566,35.03389259817246
9503,French Bulldog,6,small,Female,24.381580426130295,27.30372179076372
17489,Boxer,8,medium,Male,30.682387734482532,28.320796367282934
2375,Border Collie,12,medium,Male,24.636439232487547,25.21418413182271
15068,Chihuahua,7,small,Male,29.479471730703168,32.118394849931555
1056,Rottweiler,12,large,Female,27.62331877979156,28.934661291663485
21551,Maltese,4,small,Female,24.214869170241112,35.325594005902616
7125,Yorkshire Terrier,4,small,Female,27.78104719695621,30.277205501789098
7073,Great Dane,3,large,Male,27.947658737937395,27.84384053154704
2445,Golden Retriever,1,large,Male,29.91719915466517,29.347259958206237
21064,Beagle,10,small,Female,22.15532492290157,25.779491371061738
4853,Boxer,3,medium,Female,29.419371541048523,33.494708509127776
9255,Shih Tzu,9,small,Female,24.567773109240964,34.22090708201989
4937,Chihuahua,15,small,Female,26.896041389426728,26.368585716556453
23221,Yorkshire Terrier,7,small,Female,24.128447469526296,30.668383470846855
16071,French Griffon,2,small,Male,26.423608625031683,29.42430616511244
4330,Bulldog,12,medium,Male,22.96839628615536,28.10813254421226
10490,Poodle,9,small,Female,23.576953307997336,33.20174718687662
19796,Bulldog,6,medium,Male,28.785591612817132,26.97632836180121
10336,Dachshund,6,small,Male,30.031730370333975,28.988409221740493
4420,French Griffon,9,small,Male,30.809104756053806,33.219593163230925
17237,French Bulldog,3,small,Female,29.92629241916313,28.571688218742587
16665,French Griffon,15,small,Female,30.937545353470483,35.729680165484105
6957,Border Collie,15,medium,Male,28.257700483879567,25.33433168017165
21658,Boxer,6,medium,Female,26.703163822980127,25.620854867310584
5452,German Shepherd,3,large,Male,23.325474692113872,26.18377626983111
17460,Shih Tzu,4,small,Male,29.090154012851606,34.79714316745019
1878,Beagle,3,small,Male,24.528233321444997,30.874524094025848
20658,Dachshund,5,small,Female,29.446380535032684,35.54515948357401
4719,Pomeranian,12,small,Female,23.76053333678338,29.149730403571038
15471,Maltese,14,small,Female,27.660290162439377,33.20108748261782
5469,Boxer,5,medium,Female,24.326250469346242,29.843110310637208
2164,Australian Shepherd,9,medium,Male,22.236348237256983,26.535918525603307
23028,Chihuahua,2,small,Male,28.41844593348142,31.332944866225038
7997,Bulldog,7,medium,Female,22.69857451242239,32.383707681578926
20042,Shih Tzu,5,small,Female,25.614997924554334,30.1418402689922
5586,Bulldog,1,medium,Female,22.73465243558018,34.61803933368016
5064,Dachshund,12,small,Male,27.304646944894337,31.181554317931123
11081,Chihuahua,1,small,Female,30.985405960861517,35.54091231388526
7309,Shih Tzu,14,small,Female,28.64704738274916,28.110036686163046
13398,Boxer,7,medium,Male,26.914235693885605,26.756006990211564
9249,Pomeranian,1,small,Female,30.69856785572582,33.13760991926747
21149,Labrador Retriever,10,large,Male,22.724975912004634,28.01997139013348
8303,Dachshund,4,small,Female,22.25527017565572,34.168442701002974
15191,Australian Shepherd,15,medium,Female,23.930114656087643,25.966827512542444
1498,Rottweiler,5,large,Male,26.602786904540007,31.520827612313532
12066,German Shepherd,12,large,Male,28.064735300813446,30.623971999578103
1526,Labrador Retriever,13,large,Female,27.421443330490554,26.65731672723959
20021,Maltese,13,small,Female,26.38916497138551,31.663593689502328
5725,French Bulldog,12,small,Male,30.466618132033958,27.145983599009206
11060,Siberian Husky,14,medium,Male,27.233607268266674,33.62856175334729
3274,Great Dane,1,large,Male,28.7948658225325,34.498644666614936
20343,Golden Retriever,9,large,Male,26.036007086634164,35.29819837227693
6693,Yorkshire Terrier,4,small,Male,28.764413321077143,28.0467244802568
4428,Yorkshire Terrier,12,small,Male,25.802707621628926,34.26865825862436
7984,Australian Shepherd,5,medium,Female,28.310955923125196,34.74760854111831
13342,Poodle,14,small,Female,29.55692114485683,32.275772207915736
7747,Labrador Retriever,9,large,Female,29.03975986692237,31.417332940461627
5820,Labrador Retriever,6,large,Male,24.517876703825223,33.902367699222474
21993,Rottweiler,4,large,Male,24.741342829371074,25.705005481054613
17933,Yorkshire Terrier,13,small,Male,24.171310609812032,29.054564262268883
11543,Chihuahua,5,small,Female,22.20629502137183,30.221409087886464
16254,Rottweiler,15,large,Male,23.035293468113988,30.72913705395627
10937,Border Collie,10,medium,Male,25.423934409377704,34.20064161873005
20012,Maltese,7,small,Female,27.97690153364961,27.7459566837019
5316,Siberian Husky,10,medium,Female,25.694836482368785,33.79154108742512
17749,French Bulldog,12,small,Male,30.8198079292805,35.936767060674555
23535,Boxer,3,medium,Female,25.93835974218686,29.49502850549876
6040,Golden Retriever,15,large,Female,27.240164807246323,25.469181639290184
9666,Bulldog,4,medium,Male,26.484857094046223,35.959294692529596
3088,Boxer,2,medium,Female,25.42406018138044,27.616395284633782
4120,Golden Retriever,8,large,Female,26.952614648653828,30.23072812157098
10234,Rottweiler,1,large,Male,30.92741516815351,31.463437966643593
5021,French Bulldog,11,small,Male,29.280533262493496,31.69205524730381
3820,Border Collie,7,medium,Male,23.014388152364386,35.022289725753005
11450,Maltese,8,small,Female,24.792070486414413,25.270859798736396
16740,Great Dane,9,large,Male,24.282595706587887,33.14395164919032
20268,Labrador Retriever,4,large,Male,28.36344109510594,32.932558888077295
19780,Yorkshire Terrier,13,small,Male,22.45072888819627,26.710510030679075
21003,Border Collie,15,medium,Male,26.918605680422285,28.472961059943305
11962,German Shepherd,8,large,Female,25.532490174554347,35.7206956601722
14998,Boxer,11,medium,Female,27.177256911663903,34.9036826719414
8286,Rottweiler,14,large,Male,23.267351856764872,34.65270750566574
7708,Yorkshire Terrier,10,small,Female,24.479955373378193,26.408867826351187
19567,Golden Retriever,1,large,Female,30.40064296437317,25.734955230888755
5906,French Griffon,1,small,Female,28.950709589132885,30.848659124578415
1893,Bulldog,7,medium,Male,25.777623568298303,33.3396314298401
21197,Shih Tzu,4,small,Female,27.42442595287571,30.67697933100623
17524,Maltese,9,small,Male,23.512928171241523,29.36339548618833
21095,Border Collie,7,medium,Female,24.216146924643425,33.62838729405351
20651,French Bulldog,7,small,Female,28.242759180475886,29.421013318148113
15441,Doberman Pinscher,8,large,Female,26.10843985184602,35.351499484526805
2319,Doberman Pinscher,13,large,Male,27.312935301920515,30.649529750440358
17327,French Griffon,14,small,Female,22.084175806513613,29.631585193297237
18250,Dachshund,10,small,Male,22.18162266439753,25.92132553330998
1192,Australian Shepherd,5,medium,Female,27.447360083473704,25.93145883984663
22950,German Shepherd,6,large,Female,28.968272522831015,28.336057137119642
9434,German Shepherd,8,large,Male,22.718701839144693,34.56517011725983
17335,Yorkshire Terrier,12,small,Female,29.49537990135971,26.65965907056908
23611,Maltese,3,small,Male,29.2660714190823,27.448037568019352
18476,Labrador Retriever,12,large,Male,24.040876334139757,35.423143839537694
8793,Yorkshire Terrier,1,small,Male,26.47941409324405,31.608842956618254
15924,Labrador Retriever,13,large,Female,25.74896124027715,34.954549932566806
5795,Chihuahua,11,small,Male,30.12533559196211,35.11922987812781
11055,Yorkshire Terrier,5,small,Female,30.28671042997462,25.103848989294573
11466,Beagle,12,small,Female,26.27120556912073,25.30601557213145
9121,Dachshund,15,small,Male,26.534004560301895,31.36642522307292
6016,Yorkshire Terrier,5,small,Male,25.85086503834141,35.59147296951062
21027,Rottweiler,1,large,Female,24.274036590990512,35.59635634593461
19555,Shih Tzu,11,small,Male,23.15890400984261,28.712430481986267
6827,Bulldog,5,medium,Male,28.43025112907597,35.05634917567319
14841,Beagle,12,small,Female,28.415298364748562,34.17752014855051
7639,Border Collie,4,medium,Female,23.778236976055155,32.594975579536786
6618,Rottweiler,15,large,Female,25.825548499559137,32.227186883853676
6913,Doberman Pinscher,10,large,Female,24.359116570346817,27.69795838572944
7439,Pomeranian,13,small,Female,23.36916052935385,30.957922780347115
24978,Doberman Pinscher,8,large,Male,27.54310201988654,35.51544221980716
13353,Bulldog,9,medium,Female,23.948182689007616,32.923848726171705
21953,Bulldog,2,medium,Male,23.62868808549613,25.483455760920034
1147,Pomeranian,14,small,Male,26.575482705625173,30.050024924093943
10988,Siberian Husky,7,medium,Male,29.924186843044172,28.993456649551554
24144,Doberman Pinscher,12,large,Female,28.201794650437176,35.59915270069815
15162,Chihuahua,15,small,Male,25.523518471926472,28.12197690176513
1976,Siberian Husky,9,medium,Male,24.059944799693497,35.099987837802836
15663,Yorkshire Terrier,5,small,Female,27.66148997101861,28.942289201437298
3705,French Griffon,6,small,Male,27.062260744264503,26.60806638303395
6084,Labrador Retriever,1,large,Female,22.784371486785737,35.37681440200758
22304,Poodle,5,small,Male,22.433964222841496,33.63578790079706
17223,French Griffon,2,small,Male,30.108036141932303,34.1444905311833
14822,Golden Retriever,3,large,Female,27.024179141615555,26.2808238248504
6741,Shih Tzu,4,small,Female,26.765101265559817,28.524775455172293
13362,Siberian Husky,6,medium,Female,27.75620742923327,32.854654471892545
6993,French Bulldog,7,small,Male,30.262861082408286,28.26134212566401
20871,Great Dane,6,large,Male,27.061373476218755,35.105422695436545
22092,Doberman Pinscher,9,large,Female,27.26931540841875,26.98194594881993
5364,Australian Shepherd,4,medium,Female,28.880175103062683,31.79657953557845
15699,French Griffon,3,small,Female,26.20873861174067,27.056210054138
14628,Chihuahua,4,small,Male,24.879847554524787,35.40312964942884
9064,Pomeranian,1,small,Female,30.95583363670298,32.754492849150026
22361,Dachshund,10,small,Male,30.256499358530753,34.11584996336685
11854,Doberman Pinscher,15,large,Male,27.021077228354287,31.031177475818133
15011,Australian Shepherd,9,medium,Male,28.51725488348897,35.72228391944002
11696,French Griffon,1,small,Female,23.808593555857705,35.984081107409764
3484,Border Collie,6,medium,Female,28.592022895743085,27.51046372491079
24366,Golden Retriever,15,large,Male,27.529184482628928,33.301275830828544
3894,Great Dane,9,large,Female,29.265182371604386,28.133415607746063
18449,Beagle,15,small,Male,30.256898310817526,32.9580923556681
7613,Yorkshire Terrier,6,small,Female,24.644590000284325,31.863644810909964
6090,French Griffon,12,small,Male,29.099525794445714,26.22497379276661
5821,Australian Shepherd,4,medium,Female,28.07320010287494,26.124711719696695
15708,French Bulldog,15,small,Female,29.5995018228873,33.024900336022554
5968,German Shepherd,3,large,Female,27.525501853016323,28.484042021057835
11338,Dachshund,11,small,Male,29.445589202739242,30.925682954454544
9837,French Griffon,6,small,Male,24.412507405461948,28.06121871844728
6815,Great Dane,4,large,Female,22.815679431587842,25.02995831986519
24019,Australian Shepherd,6,medium,Female,24.608803083667397,26.94280670057334
9327,Golden Retriever,4,large,Female,23.02809820600442,32.63559769186623
4035,Beagle,5,small,Male,30.234845129560263,29.205425645583272
3373,Poodle,14,small,Male,29.68263313740515,33.30643994634028
3926,Bulldog,7,medium,Male,23.901895455482826,32.4449922393876
5297,Siberian Husky,6,medium,Male,25.659912614830805,27.687025934258592
10840,German Shepherd,6,large,Female,22.012624779939024,30.605129247514046
16610,Bulldog,6,medium,Female,23.204652252698867,28.532138254344193
2993,Border Collie,13,medium,Female,30.793758092121735,34.91025646759646
12082,Bulldog,5,medium,Male,30.08635080791337,26.992122586772457
17300,Shih Tzu,2,small,Female,29.71511733693646,34.6028741536867
2927,Bulldog,7,medium,Female,25.613540690006506,25.02036283991664
23562,French Bulldog,3,small,Female,24.137838836678657,32.213022553165594
11818,Pomeranian,13,small,Male,22.996021038838744,30.753357614921587
22871,Rottweiler,1,large,Female,29.4549281382006,27.058247921950915
1955,Australian Shepherd,2,medium,Female,30.595366286492606,33.39163803272943
2628,Chihuahua,15,small,Female,27.569946162809803,31.990926150356685
17324,Golden Retriever,8,large,Female,23.737310048484698,32.96816301098731
9056,Shih Tzu,12,small,Male,30.023076579264842,35.146178117706974
10639,Labrador Retriever,7,large,Male,26.701461347808134,32.1472724428701
14223,Great Dane,1,large,Female,22.535383360073023,35.11840063715188
21870,Labrador Retriever,13,large,Female,30.91632426877837,30.263017218373733
21843,German Shepherd,10,large,Male,22.350888070632063,27.945406187019678
9217,French Bulldog,8,small,Female,22.407037216195317,35.15727385381327
21119,Australian Shepherd,5,medium,Female,25.335557911437565,26.704116460031535
8350,Rottweiler,4,large,Male,29.89992530627486,27.085626582761215
9815,Maltese,4,small,Female,24.033926948310683,34.12761321800724
6039,Maltese,14,small,Male,24.399306845451367,28.457241492960065
11142,Doberman Pinscher,8,large,Female,22.722132395667533,33.0554403197156
5989,Boxer,1,medium,Female,28.29562621469502,25.696074203283832
20472,Siberian Husky,15,medium,Male,24.481356238111104,30.08869119936392
2690,Golden Retriever,10,large,Male,28.97084480498611,33.71660688442297
16825,Pomeranian,14,small,Male,26.847209807554567,35.11710216902726
18102,French Bulldog,9,small,Male,23.840057381424838,34.07916390454659
5759,Siberian Husky,2,medium,Male,24.870440732296245,25.6669345793263
14850,Bulldog,3,medium,Male,28.99452992299848,33.71737668620523
24940,Golden Retriever,15,large,Male,24.859043092825964,29.204637268353817
12873,Poodle,9,small,Female,30.201934066680803,30.393269392259562
12979,German Shepherd,3,large,Male,29.595686945615007,32.374062642041196
19037,Poodle,3,small,Female,27.019990873815374,34.620235603651174
4395,Australian Shepherd,15,medium,Female,28.133582990168158,31.618392422547338
7818,Shih Tzu,12,small,Female,27.718156231902263,31.386295872518303
15455,Border Collie,2,medium,Female,27.90129455462997,35.026124049507935
16734,French Griffon,8,small,Male,28.47736246278212,31.869017240789702
20690,Golden Retriever,11,large,Female,30.602656754716755,30.760429721965625
5660,Poodle,5,small,Male,27.036066931583168,34.32464371432999
15608,Maltese,7,small,Female,22.227773326215452,25.958115184429516
10991,German Shepherd,1,large,Male,28.095578586970355,30.939040308407115
16674,Border Collie,8,medium,Female,25.682620690127727,33.517794154203905
14461,French Bulldog,9,small,Male,22.792097744836063,28.969437367333096
12294,Chihuahua,11,small,Female,25.895797518051445,31.187566795991103
13506,Chihuahua,15,small,Female,30.47682434813118,27.15191992669844
14979,Golden Retriever,3,large,Male,24.75784562897774,29.879101306109362
21019,Beagle,3,small,Male,29.340112229192194,35.96268495724715
20794,Golden Retriever,11,large,Male,26.197576522803942,27.624193178070072
18687,Australian Shepherd,9,medium,Male,26.171907611859183,32.93012719028705
12181,Pomeranian,10,small,Female,26.410203913299263,33.90872388806336
7517,Shih Tzu,13,small,Female,24.144668162305592,26.307907023946797
3330,Chihuahua,15,small,Female,23.537323892223007,29.414561379150793
4363,Chihuahua,15,small,Male,29.65875960498742,33.98253041393357
6651,Siberian Husky,9,medium,Female,29.475334782839028,27.87188764055844
3003,Rottweiler,15,large,Female,24.673683734045316,31.965936916933583
7277,Beagle,13,small,Female,29.72308413464802,26.96608108400791
11104,Pomeranian,5,small,Female,26.524335932267036,32.37711174332195
16092,Border Collie,1,medium,Female,25.78143636350219,25.88670317549978
17342,Border Collie,13,medium,Male,23.32030375319799,26.61148186487175
21929,Poodle,15,small,Female,30.267110551777627,33.890531916491845
22790,Yorkshire Terrier,10,small,Female,26.11048969615635,34.63589355775685
1156,Great Dane,11,large,Female,26.746270727312798,31.304687928118522
4569,French Bulldog,11,small,Male,27.123442496042422,25.61645992601011
8344,Siberian Husky,14,medium,Female,29.820019577801563,27.235829932584704
24226,Rottweiler,4,large,Male,25.750782313312634,26.539400427829175
17073,Border Collie,11,medium,Female,30.42199261646627,28.832243016800852
5445,Border Collie,6,medium,Female,30.78353761892265,31.464459952240585
20778,Shih Tzu,12,small,Male,25.589624903136517,34.94781306083191
14958,Pomeranian,14,small,Female,29.63978038946095,35.77598243999907
23638,Shih Tzu,14,small,Male,30.886070973433217,25.64476721475984
23205,Yorkshire Terrier,10,small,Female,23.458841738127088,28.79078204382076
18233,Yorkshire Terrier,4,small,Female,29.151837580908126,32.22833293241984
4677,Bulldog,8,medium,Female,28.80867464485122,29.31079318020275
22573,Rottweiler,4,large,Female,24.400051467617228,29.703156118276834
11637,Chihuahua,12,small,Female,27.84968441898591,35.62927339016181
1920,Pomeranian,3,small,Male,26.78364760087413,30.11079178029498
19088,Yorkshire Terrier,7,small,Female,25.725504648570055,27.24275177305816
13140,French Bulldog,15,small,Female,29.529923941844324,28.836104999750006
8192,Bulldog,14,medium,Male,22.179600868313145,31.52440137332944
24188,German Shepherd,11,large,Male,28.142133156690214,33.295421611182995
8018,Chihuahua,9,small,Male,25.097717000511384,27.517765753283147
17312,Shih Tzu,13,small,Male,24.203868540215446,29.152435773719464
2029,Bulldog,6,medium,Female,25.02459218444462,32.404113793448964
19020,French Griffon,14,small,Male,24.14449121122248,25.518588482429376
17013,Yorkshire Terrier,5,small,Female,26.944512460526788,31.63110570346133
1274,Dachshund,2,small,Male,26.223966767420368,34.015327353929905
8167,French Griffon,4,small,Female,27.389589279019035,35.14617745830023
13505,Beagle,11,small,Male,29.480293351901427,31.328309641481823
20417,Border Collie,4,medium,Male,28.284514485536025,25.574294451016215
19289,Bulldog,13,medium,Female,25.064467992938937,27.849998615038874
14417,Labrador Retriever,5,large,Male,28.998245185729505,34.49137760982188
16422,Pomeranian,12,small,Female,29.996181426732733,25.057594566338643
24058,Maltese,15,small,Female,27.114622397474754,31.691361921631696
14536,Boxer,7,medium,Female,23.621031694188776,31.503459584527043
18724,Poodle,13,small,Male,24.037616115127882,32.45332122051151
5943,French Griffon,2,small,Female,30.181801621242144,26.952233589283818
5309,Maltese,13,small,Female,28.70302825489171,28.939872823297083
11554,Great Dane,2,large,Male,24.851334697629326,35.38331065608787
19168,Bulldog,6,medium,Male,30.82541774194767,33.062194549653746
3608,French Bulldog,2,small,Male,26.272167352331234,26.508802724277302
2217,Poodle,14,small,Female,26.746802549938003,30.175912897141977
12859,Yorkshire Terrier,4,small,Female,27.361061862996277,28.48075147944063
18810,Chihuahua,15,small,Male,25.65967705198982,34.27013926032095
3621,Shih Tzu,8,small,Male,29.739357386318055,26.187508762622052
24574,Border Collie,14,medium,Female,24.4422075554837,35.799388094509936
9969,Yorkshire Terrier,9,small,Male,28.058407591914946,30.991104633737656
18805,French Bulldog,14,small,Female,29.678789532314557,30.19971996252842
13369,Shih Tzu,8,small,Female,24.49450921871181,35.363200147460645
5054,Labrador Retriever,9,large,Female,26.76409806863556,30.793587415656212
12639,Golden Retriever,1,large,Male,29.203935381414205,28.996704180997302
6698,Doberman Pinscher,2,large,Female,26.38682994416606,25.285142073435342
19057,Shih Tzu,6,small,Female,28.823860226372872,29.746994164100876
11087,Labrador Retriever,3,large,Male,23.913859901949095,33.541480641100314
24207,Siberian Husky,8,medium,Male,23.144693773981437,32.38694386140069
7519,Labrador Retriever,5,large,Male,24.400122124346947,29.060885371514363
4199,Chihuahua,11,small,Male,23.8057943718724,28.06287637018067
13108,French Bulldog,14,small,Female,27.149249430309332,33.05510674102251
7753,Doberman Pinscher,1,large,Male,22.762807597531552,26.202020028172576
8309,Border Collie,2,medium,Female,24.501557831810793,25.85797222696173
10029,Shih Tzu,3,small,Male,27.067614925575654,35.97077216530602
10013,French Griffon,8,small,Female,29.012912271289693,35.287663770556534
19213,Australian Shepherd,14,medium,Female,23.63494426433016,25.169527715483767
19628,Poodle,11,small,Male,30.508348390109653,30.32634653447032
5811,Poodle,1,small,Female,25.992823947975765,30.317380594072247
10322,Siberian Husky,11,medium,Male,29.72810485930296,28.14198903543447
6862,Australian Shepherd,12,medium,Female,28.09736275766417,31.283444421815396
7453,Boxer,3,medium,Female,27.161310171632337,33.708756903671684
7739,Border Collie,14,medium,Female,24.047934606890564,32.84378484650631
19369,Shih Tzu,12,small,Female,22.31267174950375,26.945910350026125
22946,French Griffon,10,small,Female,23.887698718100687,27.20436860894772
18019,Chihuahua,13,small,Male,24.465893601974777,29.33183320576688
12286,Beagle,13,small,Female,27.554600515111265,26.824117103123477
9078,Shih Tzu,10,small,Male,24.731342973867616,33.4211003280754
12010,Golden Retriever,5,large,Female,27.045592295372558,32.77283725034927
1345,Bulldog,1,medium,Female,30.780256886961183,30.582218586791345
8304,Yorkshire Terrier,1,small,Male,24.399511462026627,26.155970624412213
4185,German Shepherd,10,large,Female,22.193047412452362,27.419813001274033
20800,Beagle,9,small,Female,27.133032237920403,32.14462560900404
3984,Australian Shepherd,6,medium,Male,24.216522252625065,35.270461796937425
3339,Shih Tzu,6,small,Female,27.6623739670935,25.490957891575192
18700,Shih Tzu,9,small,Male,29.00557216597837,32.573547325558756
6936,Poodle,6,small,Female,24.596540636775853,30.477599537915523
16642,Bulldog,14,medium,Male,26.349954023512353,35.74876050442663
21864,Dachshund,5,small,Female,29.969122686877693,31.465849722143293
1419,Boxer,14,medium,Female,25.440002207606504,32.29836947820742
1603,Siberian Husky,5,medium,Female,24.71510346471377,33.10403780990275
3349,French Bulldog,9,small,Male,27.51655080029361,29.047015675771817
4052,French Bulldog,15,small,Female,29.147347296935862,26.746018129034038
20541,Yorkshire Terrier,5,small,Female,29.890245245717708,35.074437381850174
16677,French Bulldog,4,small,Female,29.36105578443766,25.905490629022367
20989,Shih Tzu,15,small,Male,24.574813668377402,34.80657966750371
20032,French Griffon,2,small,Female,22.845208393096325,34.467364422236294
8599,French Bulldog,5,small,Female,25.44351483710402,27.51329747629826
24446,Labrador Retriever,7,large,Male,23.851972330438674,30.842699213241353
14420,Chihuahua,6,small,Male,27.635319727854736,34.69261590403066
9168,Pomeranian,3,small,Female,22.281535384863382,35.86417023719734
9408,Great Dane,6,large,Male,30.925107435251324,30.807250466821646
2902,Beagle,9,small,Male,30.93390701314938,29.04252444466163
23836,Beagle,5,small,Male,30.95602556029678,30.28079048279219
19513,Maltese,10,small,Female,24.150034734614703,34.661776870295505
1642,Shih Tzu,10,small,Female,25.06951058739342,26.503286468465042
4451,Beagle,2,small,Male,22.69661086056712,25.57491971394246
24471,French Griffon,7,small,Male,25.364219131246465,30.778414329128662
7421,French Bulldog,11,small,Male,23.732942180168457,28.929783117230894
10596,Shih Tzu,8,small,Male,28.809394423610726,30.143916973996184
15044,Golden Retriever,4,large,Male,26.441519932546942,32.63144591955782
15764,Maltese,13,small,Female,30.129615219041973,35.18966196793341
14286,Golden Retriever,10,large,Male,26.237293484858068,31.19074027583566
24008,German Shepherd,7,large,Male,24.017033402561335,27.430159236487103
14422,Chihuahua,3,small,Male,25.483287803825178,28.23408630786107
1391,Maltese,2,small,Female,22.91851389842726,29.916152010673787
11532,German Shepherd,9,large,Male,27.985352386057095,28.111481881634596
11160,Siberian Husky,9,medium,Female,24.070800355555406,27.532489522245555
5274,Pomeranian,7,small,Female,29.584717974797247,26.72943527457443
24975,Yorkshire Terrier,9,small,Female,27.717172335493878,32.94244185466693
17367,Siberian Husky,6,medium,Female,23.75767627636044,30.39604745144574
17585,Golden Retriever,1,large,Female,25.331403228636837,26.57200630773762
7228,French Bulldog,4,small,Female,30.147324076039382,26.773366792293103
9021,Shih Tzu,12,small,Male,26.64440500989202,31.984241505435026
5396,Maltese,6,small,Male,26.989297885159353,31.27369306828272
2091,Golden Retriever,12,large,Male,30.695055973982104,28.702465502450387
13512,Labrador Retriever,1,large,Male,22.355234906951313,31.28174784908495
15404,Siberian Husky,14,medium,Male,29.735906173851475,30.243053289120034
19408,Shih Tzu,9,small,Female,29.884541063624237,34.738978144517176
23037,French Bulldog,5,small,Male,30.640188484040294,25.98473315707218
4405,Yorkshire Terrier,1,small,Female,27.80942224504593,27.719655887581826
9907,Great Dane,15,large,Female,30.994321348104876,25.037931625023035
19571,Labrador Retriever,11,large,Female,24.41660788777667,25.92177938307541
22675,Shih Tzu,6,small,Female,22.704292820364874,27.923013928005926
4656,Bulldog,1,medium,Female,28.528007449635542,34.54433975945454
15090,German Shepherd,1,large,Male,27.72584144290901,25.710558852590886
9589,German Shepherd,9,large,Female,22.675218553017412,29.245332496995534
16013,French Bulldog,12,small,Male,25.509794467556603,27.677452523386357
16320,Rottweiler,4,large,Female,29.940925116931517,32.44428446322133
15515,Doberman Pinscher,7,large,Female,26.69145379025145,27.285248553329872
10959,Yorkshire Terrier,6,small,Female,22.469563046377274,27.02467109212837
16871,Bulldog,7,medium,Male,24.00355686818619,30.59029519579875
8702,Maltese,2,small,Female,22.314117077741432,32.756894403736375
22774,Shih Tzu,1,small,Male,23.81925350522876,31.004044917043856
1804,Beagle,1,small,Male,29.012872617157445,34.7503609182024
13180,Beagle,10,small,Female,26.325945120673193,30.486442523602605
22109,Yorkshire Terrier,8,small,Female,29.13210052703817,31.41483565501223
7763,Australian Shepherd,12,medium,Male,23.233378111808744,31.926523303872653
16457,Maltese,5,small,Male,23.25989285833967,27.588445079069558
1887,Dachshund,2,small,Male,25.418803225095925,35.46750926756952
24895,Pomeranian,5,small,Male,26.935216854429683,33.76495611804865
23247,Golden Retriever,5,large,Male,30.980200892286835,31.924799943829484
17456,Labrador Retriever,5,large,Female,30.394226363945577,31.211133206340577
11700,Dachshund,3,small,Male,28.025614133007622,31.568966289570838
22097,Boxer,14,medium,Female,27.338521108372113,32.296195622353096
16833,Doberman Pinscher,5,large,Female,26.412755785439067,28.715847152985962
5351,French Bulldog,9,small,Female,23.188432829005965,31.772366751059828
5966,Beagle,13,small,Male,26.940106328129918,25.5749114979919
22581,Beagle,2,small,Female,28.674651365347636,25.525142609658538
24100,German Shepherd,6,large,Female,27.579036787040767,29.481365774011643
3932,Border Collie,11,medium,Male,29.119912537967036,29.433124201672598
14737,Dachshund,1,small,Male,27.05778915196339,26.768363472747357
24243,Bulldog,2,medium,Male,22.61013935413835,34.358895406493254
11352,Maltese,9,small,Female,26.86823933749131,34.19503474338117
14036,Chihuahua,6,small,Female,25.31064673323217,30.16260706621263
16128,Beagle,6,small,Female,25.23698413032352,30.143328687404257
12691,French Griffon,10,small,Male,26.22157796201742,26.629399822262755
14552,Pomeranian,4,small,Female,24.697838651297264,28.57411373656799
22179,French Griffon,14,small,Female,27.6361784540646,33.95284849284636
7855,Labrador Retriever,4,large,Male,27.477088272990883,35.61254424296589
12021,Bulldog,5,medium,Male,28.75417252969682,31.89106950422422
21824,Golden Retriever,8,large,Male,29.60188926690175,27.232224485444327
22523,French Bulldog,13,small,Female,24.198243351249594,26.309872802397603
4440,Yorkshire Terrier,4,small,Male,23.14364165088551,27.545195573256283
24021,Pomeranian,9,small,Male,28.95008423956861,28.51613395647481
16001,Great Dane,4,large,Female,30.221507659455312,35.08850059508572
21203,German Shepherd,4,large,Male,22.669238001001784,35.04281083014998
20108,Poodle,2,small,Male,22.219994575492876,30.668417253464355
11482,Golden Retriever,5,large,Female,30.030939160915977,32.45397105534107
9697,Chihuahua,6,small,Female,28.626563927118745,31.081868936485307
10084,Shih Tzu,15,small,Male,27.536769310640217,28.30070300612151
2015,Pomeranian,1,small,Male,23.575108891941518,32.93672568211214
9795,Golden Retriever,7,large,Male,27.066388670156684,35.14143734841032
2047,Labrador Retriever,5,large,Male,25.58815891448227,34.62746692316544
22786,Rottweiler,10,large,Female,27.665996533253153,32.541357173954296
13583,Doberman Pinscher,15,large,Female,26.05479826892006,35.12336825001127
16110,Beagle,10,small,Male,26.268314379920504,28.746710016377673
14060,Bulldog,13,medium,Female,30.08193960603925,26.724199723889754
21427,Shih Tzu,1,small,Male,22.2450039136733,27.958474081257364
18270,Maltese,10,small,Male,28.66262340752902,26.179191490376954
13687,Border Collie,15,medium,Female,26.14099666750063,34.19705713784688
24676,German Shepherd,6,large,Male,27.585570954920158,34.61556507848936
18947,Pomeranian,7,small,Female,26.93252756271438,35.88099761982728
18696,Boxer,2,medium,Female,29.68863878596746,26.831276318700105
3951,Maltese,1,small,Male,28.631080327141376,25.142884869189906
15755,Beagle,2,small,Female,22.740423113985628,25.607697087519522
20289,Australian Shepherd,9,medium,Female,29.39493268585044,35.19901551299344
9862,Shih Tzu,11,small,Female,23.486679117165078,25.023911672107875
6680,Chihuahua,2,small,Female,25.273867450410815,35.285909379835786
23184,Labrador Retriever,6,large,Male,26.904756406944248,28.616425328861116
16587,German Shepherd,8,large,Female,22.8615931185348,26.80658306001024
5459,Poodle,6,small,Male,27.613313061179483,28.795598957925236
17377,Chihuahua,8,small,Male,24.877564258751622,28.820358134404877
11293,Poodle,5,small,Male,27.77846716617163,25.290596014595685
15822,Beagle,8,small,Female,29.835637002618338,29.044432161048075
1673,Golden Retriever,6,large,Female,30.82181528824942,33.75749900524673
2248,Australian Shepherd,1,medium,Female,22.477669154254503,32.05531957208156
3575,Chihuahua,12,small,Male,27.16919834664462,33.1857131700633
21480,Bulldog,12,medium,Male,23.597776134013237,30.674372586391268
23753,Beagle,14,small,Male,27.391713026673365,34.44375375680471
12910,Australian Shepherd,9,medium,Female,27.2218135345432,25.141953565974735
5286,French Griffon,15,small,Male,30.151796378641134,35.27056460492054
13495,French Griffon,13,small,Male,28.49397491260273,35.907609493797636
7232,Dachshund,12,small,Male,24.262073654902558,31.390821281672395
8950,Pomeranian,14,small,Female,22.789655005891643,34.4113927571029
15970,Beagle,3,small,Female,22.058851768287514,25.75736703142314
14976,Rottweiler,14,large,Male,25.66061316726337,26.108043027785286
16525,Australian Shepherd,15,medium,Female,22.72513757012746,35.34681900798505
19821,Dachshund,6,small,Female,23.894628079856165,26.135807718575514
10006,Boxer,14,medium,Male,28.01175680747453,32.73638788917068
6472,French Bulldog,9,small,Female,29.815949012608414,34.53762862835474
22471,German Shepherd,7,large,Male,28.407941827633305,31.660033244686165
3798,Great Dane,4,large,Male,25.59263939314584,34.81158075254014
18204,Labrador Retriever,5,large,Male,28.371006959488838,33.29489745523101
